,Alkollü içecekler ve tütün,Ev eşyası,Eğitim,Eğlence ve kültür,Giyim ve ayakkabı,Gıda ve alkolsüz içecekler,Haberleşme,"Konut,Su,Elektrik,Gaz ve Diğer Yakıtlar",Lokanta ve oteller,Sağlık,Ulaştırma,Çeşitli mal ve hizmetler,Web TÜFE
2024-12-31,100.0,100.0,100.0,99.99999999999996,99.99999999999996,99.99999999999996,100.0,100.0,99.99999999999996,100.0,100.0,100.0,100.0
2025-01-01,101.1352851274022,100.0,100.0,99.99999999999996,99.99999999999996,100.33215580504115,100.0,100.0,99.99999999999996,143.73144654254463,100.78563993130317,100.0,100.9148251881441
2025-01-02,101.1352851274022,100.0,100.0,99.99999999999996,99.99999999999996,100.56859771992154,100.0,100.0,99.99999999999996,143.73144654254463,100.78563993130317,100.0,100.98146402107312
2025-01-03,101.1352851274022,100.0,100.0,99.99999999999996,99.99999999999996,100.645422562085,100.0,100.0,99.99999999999996,143.73144654254463,100.78563993130317,100.0,101.00311634876772
2025-01-04,101.1352851274022,100.0,100.0,99.99999999999996,99.99999999999996,100.6246290068188,100.0,100.0,99.99999999999996,143.73144654254463,100.78563993130317,100.0,100.9972558893137
2025-01-05,101.1352851274022,100.0,100.0,99.99999999999996,99.99999999999996,100.5742526927624,100.0,100.0,99.99999999999996,143.73144654254463,100.78563993130317,100.0,100.98305781966228
2025-01-06,101.1352851274022,101.16082378832382,100.0,99.99999999999996,99.99999999999996,100.5742526927624,100.0,103.77143053401484,99.99999999999996,143.73144654254463,101.4125425863124,100.0,101.76717064677663
2025-01-07,101.1352851274022,101.1938316137468,100.734994649195,100.00473096283152,100.00528955449026,100.81703310754834,100.0,103.90524571653587,100.18172143253574,143.73144654254463,101.55499459805353,100.01000226610375,101.91236010938708
2025-01-08,101.1352851274022,100.03579000536304,100.73306045274973,100.00519309824796,100.00641700649388,101.27514819702388,100.0,103.99741778798288,100.20441420022884,143.73144654254463,101.55512558064824,100.01067244119048,101.9638712687218
2025-01-09,101.1352851274022,101.2035478732277,100.67299146314346,100.3623871802326,100.01002921882434,102.44372438927851,100.0,104.19338008810598,100.6178732875563,143.73144654254463,101.70427674808624,100.17195070331178,102.48845856690508
2025-01-10,101.1352851274022,101.20587979777795,100.77992469729088,100.35958628032772,100.01402734815206,102.3467620439952,100.0,104.29128551497924,101.26539868968187,143.73144654254463,101.71579894340294,100.18069175720784,102.53837165187514
2025-01-11,101.1352851274022,101.19898687211284,100.99276025636684,100.3585387634422,100.01221450766172,102.3334441481723,99.99999999999996,104.38401901608825,101.3568610999627,143.73144654254463,101.95553541106749,100.15112463561356,102.59270993954893
2025-01-12,101.1352851274022,101.2030984756159,101.43009121838226,100.36361699993434,100.01021168543836,102.292642452167,100.0,104.47885465576348,101.35651071604104,143.73144654254463,101.98318295894258,100.23305000093777,102.61332472687698
2025-01-13,101.1352851274022,101.2063546310069,101.63531715731035,100.36477050371973,100.00884508340486,102.47056958599345,99.99966677819556,104.57695078671348,101.35703574199697,143.73144654254463,102.03427098043926,100.260311500623,102.69194297411322
2025-01-14,101.1352851274022,101.2819725224912,101.8909721450488,100.42045670307084,100.03361167930174,102.40202175864704,100.00089172691382,104.69431568402275,101.35703574199697,143.73144654254463,102.40404190757668,100.39069642060396,102.76106649240816
2025-01-15,101.1352851274022,101.56981716529724,102.0284198720668,100.43165229526912,100.08282775973323,102.41639356079872,99.9905267031666,104.77050244190148,101.42594935706316,143.73144654254463,102.90388730709935,100.39286746961822,102.8809467513632
2025-01-16,101.1352851274022,101.6394341810638,101.92826883973169,100.55367198281604,100.2726680714804,102.35221382923768,100.00008944471134,104.84174453732106,101.4566539105795,143.73144654254463,103.33376929489155,100.50419164475106,102.96029140088984
2025-01-17,101.1352851274022,101.70663401577904,102.01288016063845,100.57816792674392,100.1377114434531,102.40145005625862,99.98657582920936,104.90182456055304,101.7223242947723,143.73144654254463,103.34481738152428,100.58568559768354,103.00819687370364
2025-01-18,101.1352851274022,101.84834210743546,102.70522806618708,100.7814946102584,100.06552148629318,102.46295306427724,99.95862723728057,105.06799493083754,101.64625751680128,143.73144654254463,103.59068602907136,100.65444661843097,103.10563929862624
2025-01-19,101.1352851274022,101.94091504827044,103.16328901951826,100.80693087822428,100.09685597952534,102.47751712245622,99.97282900680464,105.11979766856744,101.5458256960736,143.73144654254463,103.57201953821505,100.84030205921624,103.1351247885736
2025-01-20,101.1352851274022,102.17344627196374,103.71473022028265,100.97711434383828,100.2041386049998,102.56204736943234,99.9708887414088,105.24529356129489,102.21399050685744,143.73144654254463,103.70352351067672,100.9634265535157,103.30334623432654
2025-01-21,101.1352851274022,102.39328891001225,105.00531917153782,101.16325433348848,100.40293447817612,102.48787282693776,99.91192951882356,105.31822311204616,102.24590547611888,143.73144654254463,103.60997187110354,101.11269665709509,103.35447329985338
2025-01-22,101.1352851274022,102.440114009992,105.42074720736878,101.1671936018653,100.31933370942804,102.63840347106824,99.9266145209475,105.3909996480973,103.02183031830434,143.73144654254463,103.6052387383423,101.21882239155748,103.48711294722472
2025-01-23,101.1352851274022,102.63880959103903,105.25457381489456,101.349653901721,100.2872072425888,102.72898639655372,99.92624836872604,105.4632953935508,103.0246694603966,143.73144654254463,103.63785796460564,101.23244713872624,103.54298774712193
2025-01-24,101.1352851274022,102.88160494195236,105.4571328919378,101.28736773133213,100.18887088528118,102.27712069526366,99.94789907923484,105.5345857669552,102.98807519080236,143.73144654254463,103.67842665977344,101.29103400554376,103.44758315143145
2025-01-25,101.1352851274022,103.13448719690751,105.78654198661994,101.31461956499582,100.18507550242478,102.09018749663056,99.94225404273575,105.60413135388627,102.79576900929555,143.73144654254463,103.78073479800224,101.3235961808172,103.43226429863832
2025-01-26,101.1352851274022,103.31423880535851,105.81048976376836,101.47031502794756,100.27275006928116,102.41374743591729,99.94756145260216,105.6721569265672,103.18759061782816,143.73144654254463,103.81210076593082,101.39724310201105,103.6012869553545
2025-01-27,101.1352851274022,103.51065309252094,105.7634568057958,101.57595845849649,100.46204400181988,102.5077979149198,99.96199057790643,105.74596436613176,103.18897153309923,143.73144654254463,103.82572567942978,101.5008519776528,103.67824112332548
2025-01-28,101.1352851274022,103.9862863106929,106.034109461559,101.80400118343768,101.19643487347096,102.64875121307104,99.92808843891773,105.81938429137055,103.32911907899032,143.73144654254463,103.85103528134508,101.76179888538891,103.86208143387704
2025-01-29,101.1352851274022,103.79271063744264,105.80222052398813,101.85587976382482,101.04644624368424,103.1259742366303,99.88560881692123,105.88696937971892,103.4623937428688,143.73144654254463,103.66432342444506,101.88943211696642,103.96514582079917
2025-01-30,101.1352851274022,103.81548031447,106.55633646143336,101.92884877970208,101.05916916217714,103.13717750181516,99.87371646412925,105.95350516319375,103.16542998228503,143.73144654254463,103.67980156239122,102.02277558549297,103.98093468240153
2025-01-31,101.1352851274022,103.88786250182925,106.22195641209557,102.0348260775025,101.15167751011288,102.69804309669424,99.88491481908515,106.00691079338436,103.41774404342353,143.73144654254463,103.45414402254808,102.13464069842593,103.870040951531
2025-02-01,101.1352851274022,104.16583082989052,106.47503530188206,102.23973191217698,101.46146703088158,103.27171342557904,99.9482433816768,107.45381656596264,103.23787598606376,143.73144654254463,103.66973063709708,102.60427324880835,104.35430993014104
2025-02-02,101.1486604516798,104.35983930806792,106.58763700731978,102.35412240166184,101.60958479187596,103.34624981878162,99.9835999619306,107.45400167240112,103.49203813241527,122.43862830406644,103.65693524268129,102.79909627137737,104.11110466613104
2025-02-03,101.1486604516798,104.5611209445294,106.48732763103544,102.48684162634888,101.91788655921938,103.45116490262048,99.97664982418384,107.49803851677356,103.49125383520092,122.43862830406644,103.65059462846624,103.03314665573392,104.19672561124511
2025-02-04,101.1486604516798,105.04223121674804,106.60376622899742,102.79104005273533,102.2623594901759,103.47807702793556,99.90811283438698,108.14770449738658,103.4217235244916,122.43862830406644,103.82507611415242,103.4772246847908,104.41532644341255
2025-02-05,101.1486604516798,105.28068597137778,106.75096700554464,103.00381700572484,102.23933811898246,104.01177588261326,99.85963911314884,108.4310017554502,104.054438086113,122.43862830406644,103.83239203609556,103.70357123286442,104.69947857871232
2025-02-06,101.1486604516798,105.61266715787086,106.85728575773145,103.07417974066202,102.31017205611047,104.71927925623216,99.83399616403015,108.47598024381128,103.87841711888905,122.43862830406644,104.30685766955368,103.92526900882314,104.99818321633585
2025-02-07,101.1486604516798,105.90818824302762,107.31694577608891,103.08586016819856,102.4220685770521,104.41408680518836,99.77414027785274,108.4651648345192,104.5671777926607,122.43862830406644,104.29975661974872,104.08901735744531,105.0173120487093
2025-02-08,101.1486604516798,106.17224435580226,107.28865054364115,103.3374638498908,102.6050854738677,104.3422732760182,99.84118737681796,108.52135470410572,105.07421882208712,122.43862830406644,104.32599500444644,104.4532743150075,105.11086080196944
2025-02-09,101.1486604516798,106.27093709638156,107.60333029312048,103.69263342673749,102.7006419931953,104.35625342277862,99.85549020800693,108.52094077440374,104.8973618148194,122.43862830406644,104.34182219399815,104.68408567056606,105.1405488284196
2025-02-10,101.1486604516798,106.47396292321666,107.64333945564093,103.97666315269066,103.3630147116223,104.37506425859056,99.85931142870142,108.59010319862314,105.06046811329357,122.43862830406644,104.34007837697276,104.88751359981616,105.25492990066138
2025-02-11,101.1486604516798,107.15540179340334,107.7678852697243,104.36550951958051,104.11341235210344,104.64524655240848,99.8586073882061,108.80740478769756,105.0421835172366,122.43862830406644,104.3539549165597,105.70800098576709,105.52291553829276
2025-02-12,101.1486604516798,107.48062617884432,108.38659499016696,104.4712469445385,104.40780484955285,105.13694416372292,99.68782689368028,108.88467109317487,105.65190630213723,122.43862830406644,104.43604286581808,105.9443427791733,105.80672861754354
2025-02-13,101.1486604516798,108.07143507491612,108.57192246337355,104.68790402876292,104.42130451062565,105.28597700192483,99.68549394791636,108.99650571193976,106.2403618177772,122.43862830406644,104.44247390498592,106.09516806147086,105.98256150292828
2025-02-14,101.1486604516798,108.07524448432837,107.59103171676152,104.68759408255644,104.42141627623624,105.28526583942146,99.68549394791636,108.99518545383,106.30786958716658,122.43862830406644,104.44768349317552,106.09711467627643,105.96694555319198
2025-02-15,101.1486604516798,108.07524448432837,109.73410992093363,104.68759408255644,104.42141627623624,105.39363463524478,97.47472817915175,109.5447442973172,106.62650702879328,122.43862830406644,104.44958386027731,106.09711467627643,106.07634692804886
2025-02-16,101.1486604516798,108.07524448432837,109.73410992093363,104.68759408255644,104.42141627623624,105.41460788822648,97.47472817915175,109.5447442973172,106.62650702879328,122.43862830406644,104.44958386027731,106.09711467627643,106.08225803354016
2025-02-17,101.1486604516798,108.06479711819446,110.67960123037471,104.68777023386843,104.4257523574293,105.53808262874536,97.47472817915175,109.68698532734386,106.08977274691976,122.43862830406644,104.47713700815156,106.13295834644074,106.11874654099604
2025-02-18,101.1486604516798,108.60067854298364,111.64599393735088,104.87388952922372,106.1007998369091,105.93150492883638,97.46084082776332,109.90602913348414,105.47621347777928,122.43862830406644,104.7387719077719,106.77771755856394,106.47272046891348
2025-02-19,101.1486604516798,108.52452379100367,111.60926885988712,104.95074927384888,106.21167829012543,107.11396920752117,97.43965188008173,109.88414515524636,105.44565453088336,122.43862830406644,104.70955849765714,107.6020736717096,106.82895163747632
2025-02-20,101.1486604516798,109.3576550938424,112.59670010412624,105.20663717769952,107.95395309984724,107.27622942302628,97.5632469642579,109.9369032533334,104.66821798181164,122.43862830406644,104.7119081553844,108.42632957066569,107.08542747500572
2025-02-21,101.1486604516798,109.61888585472504,113.60595988636302,105.33759338408082,108.94997804994256,107.84328458289194,97.60841474038584,110.00254128242769,104.25880275756415,122.43862830406644,104.7123631014406,108.59599518602693,107.3544272119708
2025-02-22,101.1486604516798,110.04783417929426,114.63753075672318,105.21830960308546,108.83142246127868,107.738472512458,97.68470460299706,110.13321176325309,104.2890640389548,122.43862830406644,104.75026788274693,109.63412568262746,107.4414260836592
2025-02-23,101.1486604516798,110.08905150765288,115.69190593277273,105.2391801429384,109.27418374164012,107.898865928045,97.69095750215722,110.1463799619549,103.97210196010052,122.43862830406644,105.14977333829968,109.73258912339428,107.581533830002
2025-02-24,101.1486604516798,110.2355738627654,116.76958953533648,105.385975380944,109.53670575235115,107.95225411719976,97.71497961210596,110.21124093720957,103.61981302476102,122.43862830406644,105.17119146161724,109.86750403659572,107.64524632739769
2025-02-25,101.1486604516798,110.93779188373132,117.8710968295296,105.63824903638572,111.69317793144678,108.36971610555707,97.75319073493556,110.3547759862344,103.421560902545,122.43862830406644,105.17509363604005,110.34017245905706,108.04780962370062
2025-02-26,101.1486604516798,110.93779188373132,117.8710968295296,105.63824903638572,111.69317793144678,108.74480361543402,97.75319073493556,110.3547759862344,103.421560902545,122.43862830406644,105.17509363604005,110.34017245905706,108.15352435671277
2025-02-27,101.1486604516798,110.94072437622134,117.8710968295296,105.5721395534122,111.66960815968702,108.75153061641538,97.7446937925092,110.42071091292792,103.39232113844294,122.43862830406644,105.1198268908498,110.18021762237132,108.14676372336169
2025-02-28,101.1486604516798,110.9580087746813,117.8710968295296,105.55666743518866,111.60625857983896,108.58483015940725,97.7094118680388,110.4740131089472,103.89257160603836,122.43862830406644,105.19624097836642,110.01381623481404,108.1509636325352
2025-03-01,111.15844789133696,111.10207003181796,117.8710968295296,105.75543686086375,111.68580410203168,108.92527159807086,97.7128198412124,110.51638587937938,103.69910489053088,122.3764659665578,104.88859383894896,110.09448171269848,108.61787325338275
2025-03-02,111.15844789133696,111.11515826545931,117.8710968295296,105.65406982513008,111.72042021241904,108.90458781104051,97.75157591702325,110.55319425806324,103.8029750132209,122.3764659665578,104.8885552482923,110.04016649160585,108.62830773194818
2025-03-03,111.15844789133696,111.09765025981676,117.8710968295296,105.699338362272,111.7522521320564,108.89508321342728,97.81923537831226,110.64513683619568,103.3724917693191,122.3764659665578,104.88707628738192,110.0813279036484,108.60863420055934
2025-03-04,111.15844789133696,111.1518620283346,117.8710968295296,105.79089330065658,111.87905831915954,109.33809233822878,97.76063675994553,110.93254116796952,105.12201095996024,122.3764659665578,104.6890023106855,110.31828726881209,108.92936466860218
2025-03-05,111.15844789133696,111.30134567296255,117.8710968295296,105.79259806274784,112.0815708414955,110.35153702928868,97.7730269103812,110.99129892789476,105.20106693757936,122.3764659665578,104.6828124366572,110.44964197844794,109.26428487262152
2025-03-06,111.15844789133696,111.2225315486989,117.8710968295296,105.72127384450847,112.12141464908468,110.51535297992262,97.7281096467298,111.17349076850638,105.33563602055148,122.3764659665578,104.46379868859586,110.5218708781474,109.3182980569714
2025-03-07,111.15844789133696,111.26971033930197,117.8710968295296,105.65953574528238,112.08214142738052,110.38715998705028,97.64067523572648,111.32712167989636,105.71930418870002,122.3764659665578,104.08622634509554,110.5064852462689,109.28523599415522
2025-03-08,111.15844789133696,111.23607395412527,117.8710968295296,105.5690161541344,112.0460571162102,110.61137931639132,97.67193768913154,111.30255338062533,105.33322827139736,122.3764659665578,104.11877891934265,110.47811456726195,109.30768347097909
2025-03-09,111.15844789133696,111.32466634740712,117.8710968295296,105.5424334704535,112.04117982152638,110.56692628695174,97.6666713934197,111.34144457633433,105.48249295659257,122.3764659665578,104.08255476193948,110.45839250860344,109.3149794704424
2025-03-10,111.15844789133696,111.43430771071291,117.8710968295296,105.64680910354475,112.08908518430242,110.45183687845147,97.67302630889353,111.42930101585924,105.70619054824074,122.3764659665578,103.99112155577724,110.50517242120335,109.32087409370948
2025-03-11,111.15844789133696,111.51996291094702,117.8710968295296,105.82876698564364,112.10732766226704,111.2024250449043,97.6065372168116,111.52883307585142,105.49347990140136,122.3764659665578,104.0100414610999,110.60030321128052,109.54539080192563
2025-03-12,111.15844789133696,110.78221025487944,117.8710968295296,105.44187372310998,111.05006775695288,111.69922769825769,97.56945598528564,111.66851969114713,105.53851082723313,122.3764659665578,104.44560346847268,110.33579161916002,109.6064081246887
2025-03-13,111.15844789133696,110.37863481769286,117.8710968295296,105.34421845478776,110.53264845262784,111.74023573506436,97.5278398296792,111.73370116469393,105.74755220140052,122.3764659665578,104.4734865469355,110.30444733773386,109.57143992401534
2025-03-14,111.15844789133696,110.23649221992082,117.8710968295296,105.26092759342951,110.27000877566324,111.46562993280006,97.51376623602414,111.78884833182885,105.82595167759597,122.3764659665578,104.82920236460434,110.32670931962176,109.52351891159422
2025-03-15,111.15844789133696,110.2352083534293,117.8710968295296,105.26166160818292,110.13540610491228,111.27148958647454,97.51376623602414,111.8670675563676,105.67003424831252,122.3764659665578,104.82539949456108,110.31295494224884,109.45581432279243
2025-03-16,111.15844789133696,110.22371618710947,117.8710968295296,105.2394546548848,110.13687014335416,111.28305775091472,97.50304314570369,111.80903146992254,106.30445595580008,122.3764659665578,104.82741038756733,110.30528518384013,109.50369032464287
2025-03-17,111.15844789133696,110.58664215525329,117.8710968295296,105.37758468250088,110.30716652247824,111.1921102041469,97.47693965629828,111.91145837421068,107.14152352244564,122.3764659665578,104.8180779071416,110.3711248079876,109.61412362368355
2025-03-18,111.15844789133696,110.96431986599396,117.8710968295296,105.73213039088054,110.81402952556157,111.57601649877792,96.84144915871192,112.1276464600762,107.2975236063813,122.3764659665578,104.82022481550676,110.80845529144833,109.84103101557496
2025-03-19,111.15844789133696,111.05404084310122,117.8710968295296,105.74684123075178,111.34054664802696,111.59998111004424,96.9171232202202,112.20667650431146,107.38381639436848,122.3764659665578,104.77313372823042,112.84364791953328,109.98968608690087
2025-03-20,111.15844789133696,111.3835537215042,117.8710968295296,105.88409783556146,111.489305817946,111.62194648889157,97.04185815408228,112.3105123761934,107.56044677230032,122.3764659665578,104.47841121716256,113.58468683469852,110.06232364130446
2025-03-21,111.15844789133696,111.37805116818758,117.8710968295296,105.9029185167714,111.5096166797294,111.40517994205794,97.04185815408228,112.31639648987428,107.6061269207958,122.3764659665578,104.48081352703686,113.5771237413516,110.00778332244714
2025-03-22,111.15844789133696,111.35489044190888,117.8710968295296,105.9414557958002,111.60426770619809,110.8202749646046,96.97775471907688,112.35230211725592,107.5512006630835,122.3764659665578,104.47542223462756,113.48381722769906,109.84367125180124
2025-03-23,111.15844789133696,111.31834020033467,117.8710968295296,105.93972080789864,111.6658524738563,110.81212420434288,96.9265470109426,112.33206196761095,107.30199545640828,122.3764659665578,104.48823985996071,113.41279143194424,109.815275032944
2025-03-24,111.15844789133696,111.32973743408184,117.8710968295296,106.02607761736392,111.8676876266542,110.95262910322984,96.4823480428873,112.38806463735264,107.29840313896072,122.3764659665578,104.4827244260421,114.00914149847324,109.88642054747244
2025-03-25,111.15844789133696,111.21663946475974,117.8710968295296,106.16263650031225,112.0898118016252,111.1468553524306,96.555254500566,112.55328757381407,108.52117649343342,122.3764659665578,104.74904809125977,113.93470981042243,110.12208017732296
2025-03-26,111.15844789133696,111.23359743030883,117.8710968295296,106.10206461660282,112.1012158504364,111.88103064654088,95.07952486225903,112.5892401933269,108.50449617340736,122.3764659665578,105.16711086432863,113.82384935899051,110.32895572355244
2025-03-27,111.15844789133696,111.22108959998506,117.8710968295296,106.06471602376791,112.11989192761337,111.95753355243764,95.11287680960152,112.70317482667454,108.53962526063316,122.3764659665578,105.1137201119588,113.22024542065456,110.34337490073136
2025-03-28,111.15844789133696,111.14657840726296,117.8710968295296,105.99794702551574,112.13344252326274,112.06372053424788,95.12050486038396,112.83929995895863,108.73711709495764,122.3764659665578,105.11203877918366,113.18539839897642,110.40488194985464
2025-03-29,111.15844789133696,111.06606864350034,117.8710968295296,105.88974837222366,112.12576694675997,112.50029161353548,95.1324678187308,112.94223226851534,109.11369855983064,122.3764659665578,105.29949831463448,113.28380148308143,110.59734791092188
2025-03-30,111.15844789133696,111.06606864350034,117.8710968295296,105.88974837222366,112.12576694675997,112.50029161353548,95.1324678187308,112.94223226851534,109.11369855983064,122.3764659665578,105.29949831463448,113.28380148308143,110.59734791092188
2025-03-31,111.15844789133696,111.06606864350034,117.8710968295296,105.88974837222366,112.12576694675997,112.50029161353548,95.1324678187308,112.94223226851534,109.11369855983064,122.3764659665578,105.29949831463448,113.28380148308143,110.59734791092188
2025-04-01,111.15844789133696,111.52626360941996,117.8710968295296,106.18482996994892,112.6862653526424,112.4335948895292,95.2498504719553,113.13868750238134,109.58986179606129,122.3764659665578,106.12437745199752,113.67786129705,110.87015371952774
2025-04-02,111.15844789133696,111.5901076366608,117.8710968295296,106.38013460136708,112.70279856937036,112.56202480985584,95.25682087882888,113.23689482924595,109.64338965967424,122.3764659665578,106.129678037758,113.81733943228711,110.94348615799684
2025-04-03,111.15844789133696,111.82452684908576,117.8710968295296,106.3571210476494,112.60483396118322,112.77929245959504,95.34145566136456,113.28800658140575,109.5852405954403,122.3764659665578,108.81870238473884,113.84192956768712,111.38395731345187
2025-04-04,111.15844789133696,111.75527195543616,117.8710968295296,106.26402717566305,112.49089532534336,112.42317641645556,95.38432582515344,113.53413137330205,109.6971095703231,122.3764659665578,108.81263440890446,113.90137152877116,111.31928471316012
2025-04-05,111.15844789133696,111.7509518484934,117.8710968295296,106.08255833276488,112.512214363126,112.28261931440754,95.4063833164486,116.99022828092409,109.69056738593908,122.3764659665578,108.84377210072792,113.86965728885048,111.83520545364158
2025-04-06,111.15844789133696,111.66495004162674,117.8710968295296,106.00884254630576,112.45609515430483,112.23765868087412,95.41037087653724,117.03441731925608,109.65139917767893,122.3764659665578,108.84336245632107,113.83941580590792,111.81215709164404
2025-04-07,111.15844789133696,111.60997284277975,117.8710968295296,105.9472581719648,112.52289321985624,112.24869279835076,95.45274974246284,117.32810596249826,109.61762993429592,122.3764659665578,108.84214747933436,113.8422068369482,111.86061439432191
2025-04-08,111.15844789133696,111.7783001097888,117.8710968295296,106.078472306231,112.5268229653717,112.37566768409796,95.4155879032057,117.61465871881624,109.58309152884102,122.3764659665578,108.85059312943316,113.76347941082132,111.95286921705431
2025-04-09,111.15844789133696,112.02538572979468,117.8710968295296,106.02315674157104,112.9717351470956,112.65036517439644,95.44158783462768,117.68420138347516,109.60763078374178,122.3764659665578,108.17837299485484,113.8405328677636,112.01177658614095
2025-04-10,111.15844789133696,112.3127884480759,117.86568629106785,105.96834972155594,112.84938982079149,112.75190159953316,95.44438325025423,117.75322747659342,110.13080465120922,122.3764659665578,107.27312775547686,114.00954331151144,111.994575793723
2025-04-11,111.15844789133696,112.26359843035748,117.85917717698769,105.9288775950282,112.64146324753746,112.70968512949784,95.4695751130272,117.87571395263092,110.44768449866471,122.3764659665578,107.2309892061517,114.23713598588112,112.01228044075314
2025-04-12,111.15844789133696,112.58935430095262,117.89186835305338,106.6950894634492,113.38495328017876,112.86303870373584,95.62677401582806,117.99047909890784,110.86516058313111,122.3764659665578,107.60548868364025,114.67941267072098,112.2857626579494
2025-04-13,111.15844789133696,112.7025237779456,117.90016756869034,106.95547422872092,113.642070760435,112.76868512015324,95.64346472747094,117.9589093724116,110.57168733546963,122.3764659665578,107.6187524798945,114.84628317588026,112.27228546513304
2025-04-14,111.15844789133696,112.81051921394214,117.90016756869034,107.39609969877228,113.89706345974332,112.59565385280884,95.63290519579424,118.08770403737452,110.57457887845952,122.3764659665578,107.62968329380791,114.9268763197889,112.28670778145766
2025-04-15,111.15844789133696,113.064595918776,117.90016756869034,107.67053823952516,114.61601074317056,113.24628210402211,95.5872284865926,118.2571938690294,110.5846707042594,122.3764659665578,107.6443566301254,115.27954376599892,112.5952273383221
2025-04-16,111.15844789133696,112.56131706985248,117.90016756869034,106.89812346490376,113.14363743121358,113.3996124599294,95.5568737538982,118.28258201158042,110.669366284572,122.3764659665578,107.65178258089692,114.88129167322312,112.46044225248912
2025-04-17,111.15844789133696,111.77455001360444,117.90016756869034,106.42673828318922,112.19402888017066,113.66419337440986,95.53582796655051,118.36779427162782,110.89258649804133,122.3764659665578,108.03259943029391,114.99742987407625,112.4731277888556
2025-04-18,111.15844789133696,111.65630269692087,117.90016756869034,106.12793273042392,111.6623741363351,113.37408770614168,95.50294577241591,118.43906238241048,111.63710057613456,122.3764659665578,108.047207867051,114.84170709473626,112.40474389957262
2025-04-19,111.15844789133696,111.59253655333956,117.90016756869034,106.92492856229316,111.47643701050582,112.7040866104536,95.45609866382428,118.50766044544405,110.76081200501038,122.3764659665578,108.04682739823762,114.63193241011533,112.1367175301103
2025-04-20,111.15844789133696,111.59908339368717,117.90016756869034,107.26898962233707,111.36428589576929,112.40242868131298,95.4271111949315,118.4816644297839,110.75350535715116,122.3764659665578,108.05069127042238,114.45583788956678,112.03838670071468
2025-04-21,111.15844789133696,111.64193193332196,117.90016756869034,107.60676161898846,111.36823360371476,112.58663851167996,95.40789134959272,118.5411940348563,110.7106586577406,122.3764659665578,108.05600762639423,114.1171126732092,112.0942680652456
2025-04-22,111.15844789133696,112.21755475600938,117.90016756869034,107.93478322661493,112.93035534140895,112.83185740745888,95.4112055206397,118.78401738671552,110.89013609364125,122.3764659665578,108.06250619130132,114.9369098355301,112.42796834790528
2025-04-23,111.15844789133696,112.05929118970644,117.90016756869034,107.77136496330588,112.5506833781248,112.62568380042556,95.33994767844152,118.84764282826248,111.16502427884528,122.3764659665578,108.23199098527516,114.66449960430778,112.36747297497142
2025-04-24,111.15844789133696,112.0293440767388,117.90016756869034,107.71030972972666,112.292735642146,112.6292379746162,95.31994580807746,118.84532845299816,111.98992380428028,122.3764659665578,108.22671943139794,114.67166463749815,112.41491168476408
2025-04-25,111.15844789133696,112.15927654175536,117.90016756869034,107.75014010213845,112.3055621484052,113.1217544426846,95.29808122972764,118.98226687092482,112.243450876,122.3764659665578,108.23829228409323,114.5995752276153,112.6084089167712
2025-04-26,111.15844789133696,112.16870299347656,117.90016756869034,107.70182357456729,112.39182084727446,113.10955990360966,95.31415199742268,119.10926117658052,112.16839446423047,122.3764659665578,108.24541645434152,114.72246689952956,112.63157177829584
2025-04-27,111.15844789133696,112.19647603839296,117.90016756869034,107.71152618321648,112.4422945631038,112.95547410427582,95.32888303876292,119.12491880628482,112.5401922362032,122.3764659665578,108.23853689412788,114.7494634361358,112.63040962905364
2025-04-28,111.15844789133696,112.35259666610484,117.90016756869034,107.812774999472,112.58830838723826,112.8633642211404,95.35569950035948,119.2843558540193,112.64959692135253,122.3764659665578,108.24370810612515,114.8782055836228,112.67261640175872
2025-04-29,111.15844789133696,112.48308664914762,117.90016756869034,108.02816266337337,112.6288501739442,112.70667228478956,95.32649079749824,119.4319121135418,112.6019362699654,122.3764659665578,108.24973905354724,115.13531429448544,112.67544737957486
2025-04-30,111.15844789133696,112.61824491333708,117.90016756869034,107.99053013357818,112.74873766876884,112.678894521314,95.30174771201077,119.58685681530824,113.53325355796972,122.3764659665578,108.25260797201902,115.09293252854307,112.79184630714856
2025-05-01,111.15844789133696,112.57432418062425,117.90016756869034,108.0838525514812,112.93982380927532,112.18581211867313,95.40394581394057,119.68598425261624,114.3428901657607,122.3764659665578,108.06576405867544,115.1078566928574,112.732826777448
2025-05-02,111.15844789133696,112.79953844549048,117.90016756869034,108.17002102114344,113.0478697682319,112.18853367586254,95.33281062134212,119.74396263892731,114.4910869302792,122.3764659665578,108.08110389570426,115.19024745352452,112.78701213706522
2025-05-03,111.15844789133696,113.0357066906589,117.90016756869034,108.2935412368186,112.93533912324918,112.32065728867651,95.3822375407147,120.42582812160916,114.0168517760638,122.3764659665578,109.22998378390338,115.1309885472284,113.05890360830824
2025-05-04,111.15844789133696,113.20381027722522,117.90016756869034,108.29652478985236,112.8689260495936,112.4530029002708,95.36842164666088,120.51028246353822,114.10167393466654,122.3764659665578,110.51221875556824,115.26839045642886,113.30240114838546
2025-05-05,111.15844789133696,113.43450492667344,117.90016756869034,108.43980539960108,112.97835224399448,112.53206821124016,95.37053169863496,120.57869417004348,114.150632338828,122.3764659665578,110.53958281260324,115.30571873629522,113.37560142101783
2025-05-06,111.15844789133696,113.5927658210729,117.90016756869034,108.64708615054757,113.13309617440908,112.77974049068632,95.35542599675662,120.8502548552282,114.29779955028744,122.3764659665578,110.54111902030562,115.6671488450154,113.54441669759278
2025-05-07,111.15844789133696,113.30622151540764,117.90016756869034,108.4791972448347,112.21273688812173,112.49154917233156,95.3091215978271,121.06230439510634,114.93492431693188,122.3764659665578,109.90775328586176,115.549321747513,113.36150026304826
2025-05-08,111.15844789133696,114.03416971738856,117.90016756869034,108.3414523529838,111.63063493789204,112.6299826555322,95.2879394824084,121.2082283717017,115.18780002281812,122.3764659665578,109.9848282964772,115.47367835588106,113.46288156622975
2025-05-09,111.15844789133696,114.0331716009331,117.90016756869034,108.30047823134812,111.79121436164608,112.15362711829631,95.26831557431498,121.29184363059755,115.14405380784302,122.3764659665578,110.01099347783604,115.2967204841497,113.34631883889216
2025-05-10,111.15844789133696,113.99018899543366,117.90016756869034,108.25600700741155,111.94032732025312,111.86405336070234,95.25206664249598,121.3718895574178,114.49909545464548,122.3764659665578,110.00061535853038,115.31266304160935,113.22705225321964
2025-05-11,111.15844789133696,114.06204783375388,117.90016756869034,108.37649388070292,111.99238532779142,111.65539352238606,95.2541427918494,121.43046080497405,114.53113058030031,122.3764659665578,110.00041126201282,115.42927601749612,113.19731629360918
2025-05-12,111.15844789133696,114.21534359288098,117.90016756869034,108.52827389869206,112.16615168811408,111.8374264331151,95.292580679266,121.51905067891512,115.22058501825036,122.3764659665578,110.00231420812705,115.63173022261584,113.3620521461152
2025-05-13,111.15844789133696,114.21619519364704,117.90016756869034,108.46266145152524,112.37714904191697,111.89475120407448,95.292580679266,121.5648436315696,115.80714810399832,122.3764659665578,110.0022154086843,115.59380240271852,113.45116582981316
2025-05-14,111.15844789133696,114.34545924860646,117.90016756869034,108.46521972740852,112.226427847546,112.28649470593965,95.2432770967535,121.6160369661339,116.0637821463119,122.3764659665578,110.31598148982016,115.70212022772334,113.63507447731848
2025-05-15,111.15844789133696,114.05583994664778,117.90016756869034,108.39604941239747,112.33560980180424,112.43135432656086,95.32592917337126,121.71291362533876,116.59020655330193,122.3764659665578,111.08242006433832,116.6563493736731,113.86275014082278
2025-05-16,111.15844789133696,114.0661305384982,117.90016756869034,108.48186339709711,112.74138230132584,112.22581513621148,95.34817172983416,121.77006060354655,117.3437956500662,122.3764659665578,111.08394629261758,116.67415819771384,113.91683709311728
2025-05-17,111.15844789133696,114.0083770526812,117.90016756869034,108.31253154538918,112.57792925986226,112.12109559446476,95.28343805275018,121.83286034281268,116.88921031400726,122.3764659665578,111.04420906376755,116.5397175451442,113.82345500740992
2025-05-18,111.15844789133696,114.01053753711436,117.90016756869034,108.32256251989168,112.55016291744286,112.00793569568448,95.30194259215624,121.98902564545594,116.38247115618572,122.3764659665578,111.03640767958376,116.56801632201775,113.7710664673261
2025-05-19,111.15844789133696,114.13543926282016,117.90016756869034,108.39473305505318,112.9995783512107,111.93485683560029,95.34836224308604,122.07053399869802,116.2677866917794,122.3764659665578,110.9944772230528,116.77476833028676,113.80490907281772
2025-05-20,111.15844789133696,114.07451147001,117.90016756869034,108.41143016197611,113.06757861611553,112.57653721192654,95.33799255552394,122.0888830943234,116.42054204816696,122.3764659665578,111.500355587179,116.70319806251952,114.06778786026771
2025-05-21,111.15844789133696,113.9814585566706,117.90016756869034,108.39497228831274,113.10162560294646,112.49238195998356,95.2695228564772,122.15597980924834,116.34266713253707,122.3764659665578,111.7874916206974,116.7706028365374,114.08118756859366
2025-05-22,111.15844789133696,113.97087232852596,117.90016756869034,108.31429967003298,113.05776947448597,112.934408558539,95.24423672956532,122.21485346121054,116.71728647030304,122.3764659665578,112.20974762611364,116.77210435340638,114.29782075332848
2025-05-23,111.15844789133696,113.99687596104968,117.90016756869034,108.56677061121265,113.03438723992848,112.34793289392891,95.22173841387352,122.27541480616011,116.9647823711156,122.3764659665578,111.59531889646628,116.8287188656326,114.08809178301784
2025-05-24,111.15844789133696,113.92477492680642,117.90016756869034,108.49569411019743,113.02403077490192,112.22297770000031,95.22593440233354,122.34254102596353,116.36868028667054,122.3764659665578,111.82464614630052,116.8124837365858,114.03356080880022
2025-05-25,111.15844789133696,113.84150517600077,117.90016756869034,108.25477240521133,113.058028056738,112.04177542004328,95.22493471816176,122.38287483845149,116.3698402547862,122.3764659665578,111.8207412547068,116.68672938985576,113.97482873673468
2025-05-26,111.15844789133696,113.96660052544878,117.90016756869034,108.35219155551684,113.06102343756687,112.1572055517256,95.27640319265454,122.48576388991192,116.42691810663896,122.3764659665578,111.61936395211556,116.87868517909271,114.02338766429526
2025-05-27,111.15844789133696,114.0365579696962,117.90016756869034,108.22713233920165,113.0914990603658,112.77789686972136,95.20766424336752,122.54909934065952,116.51810262548696,122.36860525534028,111.69463664548114,116.83240274707536,114.22766095622902
2025-05-28,111.15844789133696,113.79672139050858,117.90016756869034,108.1648019238873,113.10493191816096,112.77510466379054,95.20473909002575,122.60075327991734,116.79069415804294,122.35961690292176,111.91986397645464,116.8879468050784,114.2713449026544
2025-05-29,111.15844789133696,113.81552515946142,117.90016756869034,108.18472037369769,112.90523128186206,112.78954397771568,95.15690060627824,122.66195009457584,116.94416265793826,122.35961690292176,112.70777496260796,117.88246289480676,114.4254313410664
2025-05-30,111.15844789133696,113.69599240125189,117.90016756869034,108.12360238700887,112.7590973112142,112.22814151782842,95.125515189181,122.7063760267935,117.09308668127466,122.35961690292176,112.86824387315816,117.87511675271683,114.28476523573364
2025-05-31,111.15844789133696,113.67409770116085,117.90016756869034,108.20610839659184,112.61624037095538,112.12420786295743,95.15204123801422,122.77727414133318,117.64374976457027,122.35961690292176,112.89691301671178,117.81649728861652,114.30634243276882
2025-06-01,111.15844789133696,114.08499722090748,118.05655005688104,108.38855670110829,112.67513565684104,112.19479832818932,95.15290185153766,123.51585367491708,117.7883903143173,122.35961690292176,112.83209625716108,118.02773875924328,114.50210764690884
2025-06-02,111.15786423012082,114.20308967613197,118.05655005688104,108.5027975200881,113.33146394123904,112.46645109651968,95.19676707163502,123.71482864230576,117.88740896605658,122.36405643592153,112.92894868671684,118.27506162312348,114.70762845686522
2025-06-03,111.15786423012082,114.28543830826364,118.05655005688104,108.45995478487488,112.96430171650697,112.46645109651968,95.13297683818588,123.78759826084456,118.04505391429018,122.37006523406572,113.50088539257938,118.28241881095332,114.78431335004002
2025-06-04,111.15786423012082,114.24371976856293,118.05655005688104,108.47228578830033,112.7982461061152,111.9040814998632,95.1451561238135,124.07891434433436,119.61885218338276,122.37006523406572,113.99306894429157,118.1037778812224,114.85411410294336
2025-06-05,111.15786423012082,114.6764689780561,118.05655005688104,108.51055495363516,112.74304548491702,111.68643199633094,95.07698513166751,124.08830541819144,121.21535169844856,122.37006523406572,113.0813644881002,118.00702324689532,114.83730043602664
2025-06-06,111.15786423012082,114.6764689780561,118.05655005688104,108.51055495363516,112.74304548491702,111.52691802378878,95.07698513166751,124.08830541819144,121.21535169844856,122.37006523406572,113.0813644881002,118.00702324689532,114.7923429885645
2025-06-07,111.15786423012082,114.6764689780561,118.05655005688104,108.51055495363516,112.74304548491702,111.50195997093007,95.07698513166751,124.08830541819144,121.21535169844856,122.37006523406572,113.0813644881002,118.00702324689532,114.7853088063404
2025-06-08,111.15786423012082,114.6764689780561,118.05655005688104,108.51055495363516,112.74304548491702,111.39018732350614,95.07698513166751,124.08830541819144,121.21535169844856,122.37006523406572,113.0813644881002,118.00702324689532,114.753806782761
2025-06-09,111.1579466778936,114.86165165945836,118.05655005688104,108.71490429532588,112.72828035782396,111.47356932010476,95.11908094537569,124.4212535709428,119.55863926651894,122.37006523406572,112.35923158513992,117.91093806951196,114.60468134204378
2025-06-10,111.1579466778936,114.937913794915,118.05655005688104,108.78903267618216,112.69453395207302,112.28173824437562,95.12758873875792,124.65979517596406,119.3895458074302,122.37006523406572,112.1457038505387,117.95723643177692,114.83432285420758
2025-06-11,111.1579466778936,114.02571701509484,118.05655005688104,108.69329636805344,112.784686667,112.28962073921352,95.04245834430724,124.76963829331042,119.53452441654784,122.37006523406572,112.18039632909256,116.63578012586856,114.75013577155154
2025-06-12,111.1579466778936,113.8295299667504,118.05655005688104,108.67616619137137,112.71994063075935,112.66118553796024,95.06978422640442,124.81647023151164,119.61021621644996,122.37006523406572,112.36092031532236,116.4327073250371,114.86526787640312
2025-06-13,111.15917850073998,113.86370372355222,118.05655005688104,108.5657867848938,112.76410743523856,112.33783254996966,95.08291852182462,125.09187474387798,119.92602439067,122.37006523406572,112.66069359107428,116.43320977718682,114.890913265592
2025-06-14,111.15917850073998,113.9294067417122,118.05655005688104,108.5427584510921,112.86519683634224,112.2371464874092,95.0780978216799,125.2095924608798,119.31802681513189,122.37006523406572,113.27607415742604,116.71130334198882,114.93381869991616
2025-06-15,111.15917850073998,113.90006452757814,118.05655005688104,108.57696118285264,112.84658504076803,112.21224535946077,95.06845264670493,125.37632850037926,119.53558192312236,122.37587886965105,113.1212816057437,117.06615937746427,114.96151728386306
2025-06-16,111.15917850073998,114.04752278818934,118.05655005688104,108.68339728025984,112.85103638770514,112.19016240072968,95.09288195134566,125.4606620957541,119.8638978814126,122.37783521226734,112.75269173842634,117.590735407286,114.98308826314454
2025-06-17,111.15917850073998,114.00035741852066,118.05655005688104,108.70547482413576,113.0265895479927,112.55566786260304,95.11804281241962,125.73361903973218,119.80917375036006,122.3795534877464,113.57673966427885,117.1620909517622,115.23154094070364
2025-06-18,111.15917850073998,114.16886314530248,118.05655005688104,108.72731179911229,113.2206619902007,112.36707082619388,95.10932861007434,125.8988774605489,119.8700745585602,122.3795534877464,113.37610142409125,117.2373430117585,115.21545620499624
2025-06-19,111.15917850073998,114.3358125685721,118.05655005688104,108.8233555217632,113.19038079363492,112.38387746189925,95.2470756343524,126.1840509910764,120.17306341881128,122.3795534877464,114.73481246428244,118.26561877480052,115.53157811096
2025-06-20,111.15917850073998,114.32567963478397,118.05655005688104,108.81894512048302,114.10132954912218,111.96700097864895,95.20020839453552,126.3799938081393,120.54248661731722,122.3795534877464,114.75936887648048,118.38159996156656,115.55557784906908
2025-06-21,111.15917850073998,114.35664431249909,118.05655005688104,108.89577213589024,114.1036280896504,111.87198053049283,95.197471011331,126.48159105094489,119.85375051471536,122.3795534877464,115.95361335986078,118.42816738617827,115.65097756603
2025-06-22,111.15917850073998,114.34910410788916,118.05655005688104,108.8919069774681,113.89410751110609,111.64634211304003,95.21006199740538,126.46948917984666,119.7662846086062,122.3795534877464,116.02008492802491,118.43024630992343,115.56982526623926
2025-06-23,111.1599275311072,114.49385940849162,118.05655005688104,109.01390633406383,114.24168564823566,111.58016734974088,95.23637558799804,126.74492671563767,120.09228687669416,122.3781262793806,115.9294084973634,118.6061866626624,115.66142272531714
2025-06-24,111.1599275311072,114.5394677302625,118.05655005688104,109.01190152581444,114.09358972968248,111.67422263155429,95.21611425358395,126.94466782343002,120.16246037073373,122.37537263722996,115.74289981476576,118.66262531532942,115.69419699604644
2025-06-25,111.1599275311072,114.55691041292572,118.05655005688104,109.01803054047994,113.86557972212732,111.51353252458505,95.19782175536778,126.9504938202348,120.16246037073373,122.37537263722996,115.74299594734832,118.57425304068316,115.62919722840164
2025-06-26,111.1599275311072,115.27164715591208,118.05655005688104,109.05064549759524,113.29103258415869,111.66430766762608,95.06717515829706,126.98852750617046,120.54548322356364,122.37428198624394,114.26559257874518,118.72701469742252,115.52660496210454
2025-06-27,111.1599275311072,115.1208908343449,118.05655005688104,109.09888261187368,113.7385233732973,111.49096856222344,95.06791412614896,126.9865744100454,120.94362498763591,122.37428198624394,114.40336942301438,118.52981306753324,115.54803724995224
2025-06-28,111.1600596573388,115.19625016729098,118.05655005688104,109.07961539382907,113.68021092932628,111.08393432608172,95.07590461856518,126.9404980761142,120.55366137279658,122.37428198624394,114.9260263635494,118.43682433099534,115.45988055002437
2025-06-29,111.1600596573388,115.26894954943477,118.05655005688104,109.07487882800726,113.69484410902278,110.83318742876244,95.07363907305458,126.99677533154411,120.67510128222244,122.37428198624394,114.97685152542078,118.4324738880128,115.42247065122922
2025-06-30,111.1600596573388,115.4023364532761,118.05655005688104,109.15048705048632,113.849018613356,111.15190900722752,95.12311048764846,127.42027891629044,121.83607460916132,122.37428198624394,114.49964375172787,118.60894425235414,115.65120242166265
2025-07-01,111.1600596573388,115.75653620028314,123.2899212687394,109.4607974038067,114.02712884086807,112.4064823534652,95.12812720228972,127.51851355621946,121.74815303635133,122.38464648141382,114.38944364675709,119.2806353844969,116.19125161573852
2025-07-02,111.1602878467188,115.4768919393142,123.2899212687394,109.5129238836626,114.25320520045992,112.62696481604992,95.11209617819355,130.76750439662297,121.84417695980464,122.3889497471505,114.35068237817671,118.6933109963877,116.752020442314
2025-07-03,111.1602878467188,115.52019524637798,123.2899212687394,109.4562106506514,114.12248400785464,112.7853830627014,95.30668021264918,130.838521061963,122.30679891208337,122.3889497471505,114.4108150718956,118.68907340636834,116.856050433579
2025-07-04,112.30820211495224,115.73398700097268,123.2899212687394,109.46453598424698,114.32700930272703,112.56715011524447,95.3398297162338,131.40053635411965,122.45385374956533,122.3889497471505,117.06740610203748,118.81722862058606,117.34002302729075
2025-07-05,114.25279354001388,115.61291774952272,123.2899212687394,109.43714732166,114.68601892990758,112.68085035092442,95.34117463958536,131.48780509360645,121.86503357104534,122.3889497471505,117.09245645906591,118.762906734337,117.43142923925475
2025-07-06,114.66317495967462,115.63169161957369,123.2899212687394,109.4498882670391,114.74158362420124,112.93687933657748,95.35787052872,131.56682516928893,121.88301690142868,122.3889497471505,117.05662707418436,118.69809148143136,117.53384016705624
2025-07-07,114.69816789144132,115.93492509438452,123.2899212687394,109.58912189362717,114.91996918904736,112.7056650580824,95.36581759192612,131.72898549236373,121.88370924836148,122.38813183150602,117.2404348775078,118.99039068565556,117.57380131681022
2025-07-08,115.21976376854418,115.7586435468856,123.2899212687394,109.68965152264572,114.80470274410598,112.8963055618592,95.3288783345266,131.7676157496197,121.87964293734638,122.38813183150602,117.417258514126,118.80853383254755,117.64816149067644
2025-07-09,118.6854590730868,115.56077184852668,123.2899212687394,109.6254471685956,114.1177047580502,112.93058324578344,95.3704713803356,131.80416032372608,121.81319339683564,122.38813183150602,118.11294188342082,118.52037080208244,117.80769880906804
2025-07-10,118.6854590730868,115.5547698385174,123.2899212687394,109.63458973514754,113.35476005511944,113.04016233241347,95.33335131547128,131.81148578844136,122.36768219846404,122.38813183150602,118.40686751451958,118.62412485602796,117.86897435485577
2025-07-11,118.6854590730868,115.32849345061648,123.2899212687394,109.68628229963556,113.41955344151438,112.87045185073056,95.33997034598649,131.92882071899714,122.95587625321566,122.38813183150602,118.30146224163636,118.500674949933,117.8608651626884
2025-07-12,118.68969302408372,115.4222439483408,123.2899212687394,109.67043547211696,113.35821776949663,112.17401249156904,95.32841995630145,132.08328894746995,122.56732617038936,122.38813183150602,118.22381260518766,118.6720148280316,117.65334960152973
2025-07-13,118.71473665902516,115.47655722235184,123.2899212687394,109.6599951717958,113.4574864346874,112.27194624630424,95.32041849036108,132.04412284129702,122.70295635801342,122.38813183150602,118.0105208028023,118.74833197811016,117.67357774191818
2025-07-14,118.71473665902516,115.6825952641572,123.2899212687394,109.73113675616251,113.6125499506903,112.42274842230448,95.36082405005078,132.0861469740278,122.53663486629117,122.38878548044036,117.87391574423734,118.97519798244488,117.73053543276008
2025-07-15,118.71473665902516,115.50658577678674,123.2899212687394,109.7508011260867,113.38409661699828,112.79864116235458,95.35689938319598,132.1869095808701,122.59495970650283,122.3860646916188,117.8376841269657,118.76379129499742,117.81266200600228
2025-07-16,118.71473665902516,115.8079377108692,123.2899212687394,109.98121849854488,113.56128154974375,112.7222119999212,95.370869999767,132.2454673651666,122.81759925006936,122.38612887258014,117.8100537728845,118.90818389445636,117.86569521288952
2025-07-17,118.995489703398,116.21667397957452,123.2899212687394,110.12280664501829,113.37306727956484,113.13726027096982,95.4864091018776,132.37803834430437,122.9085898043921,122.38612887258014,118.08757476668563,119.03371697128937,118.090713626778
2025-07-18,119.04754067694562,116.30751151707032,123.2899212687394,110.11154976147652,113.22803101676134,113.05675125009226,95.4610156361886,132.42587429367774,123.12986711878388,122.38612887258014,118.11062559321977,119.08755680073116,118.09686359494016
2025-07-19,119.04754067694562,116.32229119971824,123.2899212687394,110.03967348358668,113.2500211391893,112.499231357526,95.65808136625868,132.55559733247438,123.13875255415124,122.38612887258014,118.23342998667732,119.0846298293665,117.98687099112324
2025-07-20,119.04754067694562,116.32813612935703,123.2899212687394,110.03178080305344,113.19843990114812,112.54212068531828,95.64291701902526,132.5237147225583,123.42866675443874,122.38612887258014,118.12526910954796,119.11780474399112,118.0015724607146
2025-07-21,119.04754067694562,116.44515735583926,123.2899212687394,110.1298742789874,113.4250401315992,112.981089988251,95.69197245131302,132.58672062611993,123.58495077344278,122.38612887258014,117.64932308132651,119.27220837800988,118.1224877744209
2025-07-22,119.04754067694562,116.40037605220792,123.2899212687394,110.21758359878986,113.43963392720124,113.5387261553045,95.68673425013785,132.58327310716996,123.67397029305988,122.38190189590708,117.65602822569387,119.34042483964224,118.28937375456267
2025-07-23,119.04754067694562,116.49769057616304,123.28992123352782,110.31986715423466,113.61270949426276,113.54082404230348,95.58467288911636,132.54110245539664,123.6821606274224,122.3814576135135,117.88243342253664,119.44413998932755,118.33804876805654
2025-07-24,119.04754067694562,116.45641478115296,123.28992123352782,110.25778845051478,113.50908582500324,113.566353191855,95.55002160363036,132.60645961135043,124.01905427534798,122.3814576135135,118.17705278299964,119.35215602124714,118.4071643224522
2025-07-25,119.04754067694562,116.54012688685395,123.28992123352782,110.26258247447517,113.16061112702248,113.2769010464502,95.57395314854314,132.66550558841357,124.29161780354764,122.3814576135135,119.15181652604834,119.31924615491548,118.45911319727377
2025-07-26,119.04778940940048,116.5256237359088,123.28992123352782,110.16361340071192,112.75117024819512,113.01742572626014,95.60243446685249,132.74683237338152,123.9742825672591,122.3814576135135,121.0911231646646,119.2750043674276,118.61431763028584
2025-07-27,119.0493470159258,116.54788893403406,123.28992123352782,110.1380312102642,112.40598996427008,112.93946909011842,95.56556938512657,132.80894656812123,123.84449693516396,122.3814576135135,120.38818448358089,119.2896504923938,118.48366066916324
2025-07-28,119.0493470159258,116.73639105406654,123.28992123352782,110.2254975079541,113.12579023967535,113.04060324598017,95.6106039877253,132.78660142245624,123.7410952409293,122.3843061554326,120.20517545951218,119.52553947587135,118.53618424556804
2025-07-29,120.93815777955076,116.7957823171725,123.28992123352782,110.3439066951921,112.82745895974936,113.28066949137292,95.63081450625366,132.8884075278279,123.73450798954067,122.38546391745382,120.35358762121987,119.6474600083671,118.71751997517477
2025-07-30,122.90187081674578,116.81643266133618,123.28992123352782,110.3040447145417,112.07584831380088,113.32486674014724,95.63404053821162,133.0085990792699,123.67213051164391,122.38491219512748,120.52676845153069,119.6063510147226,118.77054812045547
2025-07-31,122.9015635655668,116.67392650583156,123.28992123352782,110.36246750534282,111.99772050543338,113.62273790718044,95.671419909441,133.03855170756174,124.51542611102272,122.38491219512748,121.07501203031084,119.88799090926446,119.00207763566318
2025-08-01,122.9015635655668,116.9640085691216,123.28992123352782,110.5242928006508,111.71893709138652,114.29850975549844,95.68153950013904,133.1918348248071,124.77523412745536,122.38491219512748,120.9794490340292,120.19538141381368,119.24356417793368
2025-08-02,122.9015635655668,117.01950882877846,123.28992123352782,110.7258345554727,111.87122353156832,114.16400996548616,95.75587666220868,133.28491441897071,124.7529303556959,122.38491219512748,120.97871834579486,120.3016739375348,119.24619993667612
2025-08-03,122.9015635655668,117.10166831310828,123.28992123352782,110.7629926436146,111.7742456542681,114.19005933914018,95.6713713498842,133.34199789709993,124.881960937767,122.37608544912337,120.98042066685034,120.36462829137162,119.27286670004004
2025-08-04,124.87926324878674,117.37963674208758,123.28992123352782,110.83760808902548,111.56307293814184,114.45063510484714,95.6565634465946,133.41764824397922,124.9265503637584,122.37608544912337,120.7416379121146,120.6411693371549,119.4259364430924
2025-08-05,124.8793197179698,117.14383859164757,123.28992123352782,110.82690019034608,111.25738704897466,115.21436619564278,95.74330131569268,133.8112615135939,125.21966956665251,122.37463657852632,121.15655948097,120.57781270077604,119.74289849750892
2025-08-06,124.8793197179698,117.30303599696502,123.28992123352782,110.75225947163364,110.79369737125916,114.95038094863052,95.74319545434528,133.90278264009413,125.436776105949,122.37463657852632,121.28205258462816,120.5689228136102,119.69314200813636
2025-08-07,124.88015460869748,117.56829774225726,123.28992123352782,110.86963281887898,110.51842128252294,114.7272601142912,95.664351519795,134.2500652812404,125.4899667856888,122.37463657852632,121.15361593234464,120.58917278773365,119.67316824952216
2025-08-08,124.88015460869748,117.5490742898956,123.28992123352782,110.85077813072596,110.1337483153059,115.36656995136369,95.67173717865676,134.29133821042902,125.64764635012092,122.37463657852632,121.1596908261335,120.5757886472052,119.8417123810787
2025-08-09,124.88015460869748,117.57015059925952,123.28992123352782,110.81434345180148,109.85895161136628,115.44550733902152,95.69147281666888,134.31977831628333,125.78983010301005,122.37463657852632,121.08700437237296,120.58033473385984,119.85117911645708
2025-08-10,124.88840636274958,117.55455914991252,123.28992123352782,110.8170889993644,109.6950615616244,115.38294129066172,95.72675724779984,134.37011085465085,126.40814263387608,122.37463657852632,120.97775964312832,120.57182369116522,119.86824857756828
2025-08-11,124.88837629741404,117.59146415402728,123.28992123352782,110.8350012517115,109.69620437618566,115.13883313232112,96.22288449700632,134.325928214516,127.71618743802084,122.37293085705564,120.57439113184908,120.5665741434722,119.87546102029916
2025-08-12,124.88837629741404,117.21487793535503,123.28992123352782,110.724275889916,109.26039387530928,115.42959564372552,96.4502700402559,134.72199074944285,126.28958168951728,122.37227519153164,120.74820768415144,120.47799800589588,119.85693727020694
2025-08-13,124.88847651198364,117.26703888557525,123.28992123352782,110.71190478688791,109.03858422846632,115.73587900135011,96.50298266958228,134.8740742330151,127.94718279825712,122.37227519153164,120.8600731756262,120.48596174387508,120.11667854467964
2025-08-14,124.88847651198364,117.32948763505196,123.28992123352782,110.69361099801552,109.16194096620087,115.73693246446658,96.5148501116728,134.98417648378833,127.95089295174375,122.37227519153164,121.20908061194538,120.48709043374537,120.19691922071428
2025-08-15,124.88847651198364,117.14381631354004,123.28992123352782,110.8043860812893,108.9594225661054,115.27772644204737,101.0361952065604,135.0642534402888,128.74569961847473,122.37227519153164,121.169159521117,120.3954203730724,120.28822185944972
2025-08-16,124.88847651198364,117.16627958312364,123.28992123352782,110.78485430329523,108.8984874290496,115.33385738084613,98.56772261188648,135.11266168589202,127.88723194023918,122.37227519153164,120.98262044658918,120.34652594551466,120.1101452225862
2025-08-17,124.88847651198364,117.30921557366514,123.28992123352782,110.77626393073652,108.88111868295056,115.37453983474197,98.57893655851689,135.12167628145954,128.38202994185326,122.37227519153164,120.80445859882444,120.37873045793248,120.15425073343332
2025-08-18,124.88847651198364,117.48206859856116,123.28992123352782,110.86181952194318,108.8636967106849,115.5156477331186,98.62260152276932,135.32812205769423,128.52929336792454,122.37227519153164,120.50065837202678,120.63502844859732,120.22491873359652
2025-08-19,124.88847651198364,117.61116006284196,123.28992123352782,110.87135993369536,108.89137279713584,115.99934168976306,98.61971407435736,135.46885449043515,128.65107297223753,122.37227519153164,120.53259843925731,120.37081644464055,120.40184415587086
2025-08-20,124.88731316431864,117.67684671891637,123.28992123352782,110.89347760189057,108.00792069106836,116.25197285443588,98.583842019804,135.55158723917617,129.02870920192146,122.37227519153164,120.61724322905158,120.14708458118996,120.45629056561354
2025-08-21,124.88747627861936,117.71312100426462,123.28992123352782,110.9590020466768,107.86418324621836,116.0988475558538,98.59203437639688,135.49815178711387,130.53644259525157,122.37223832817196,120.97250371371914,121.84360159668552,120.64042212168856
2025-08-22,124.88747627861936,117.75518463352908,123.28992123352782,110.93279180476148,107.71704753599478,115.08847198433608,98.61071971464496,135.6788585153076,131.5124953210313,122.37223832817196,120.96552694812004,121.80470811057609,120.45973851711184
2025-08-23,124.88749615475794,117.75345190225124,123.28992123352782,110.888577949038,107.64706567888432,115.10106923310563,98.61899546678823,135.689044901332,132.2333267607797,122.37223832817196,120.9674037223238,121.94245378310713,120.52716976578108
2025-08-24,124.88846595884375,117.75345190225124,123.28992123352782,110.88780272811807,107.64706567888432,115.15649230651844,98.60598301473496,135.68954078637188,132.91449784563196,122.37223832817196,120.83239439600672,121.94245378310713,120.58399177988454
2025-08-25,124.88846595884375,117.94694630980956,153.8129968983527,110.98551996877026,107.90389284892773,115.5996253875698,98.64397635707545,135.84810216750773,132.79122584289607,122.37223832817196,120.42941172583436,122.20055457790988,121.40983982497649
2025-08-26,124.88846595884375,117.87154197338693,153.8129968983527,111.15465951904656,108.17577985704216,116.33134152656258,98.67121781822952,136.02233119340946,128.71522465643957,122.37393067009248,120.61425669327056,122.14509603652832,121.32947929020804
2025-08-27,124.88846595884375,117.97408017824246,153.8129968983527,111.22913484444672,108.4298608034646,116.26677003771816,98.69685555659493,136.23135901149428,128.66184860319422,122.37397607699732,121.00621847833544,122.27007178058028,121.42860294150438
2025-08-28,124.88846595884375,117.7825113173873,153.8129968983527,111.2338614862508,108.46091917575647,116.54746594110954,98.72349593480294,136.41321490383808,128.92051507496913,122.37397607699732,121.43275925632796,122.29920528180725,121.60592538914588
2025-08-29,124.88876985627036,117.82043361770826,153.8129968983527,111.30767717103237,108.6663553001061,116.20956917378608,98.7363358263334,136.4753675412706,129.06443067909407,122.37397607699732,121.45909962250282,122.31754592150013,121.55904157468689
2025-08-30,124.89135693778296,117.80623299402562,153.8129968983527,111.42963031920104,108.9486852645146,115.64920081807922,98.85799400992532,136.70408524776207,128.6747924684421,122.37397607699732,121.51761823344442,122.96498562527402,121.46420753583192
2025-08-31,124.89135693778296,117.93761306937584,153.8129968983527,111.4851129310073,109.30733866704458,115.74594508755428,98.87042324773108,136.71115830424478,128.48875299669888,122.37397607699732,121.30902116885748,123.12338681057408,121.49514922893628
2025-09-01,124.89023689369849,118.54667112802026,153.8129968983527,111.86184490682854,110.210527919335,117.39591763696087,98.94082293986244,136.86781729860297,128.6579744564587,122.37397607699732,120.87174496101991,123.82330479501825,122.09964030686574
2025-09-02,124.89023689369849,118.47186957120596,153.8129968983527,111.5699965267744,110.10836583379913,117.93811816449976,98.9646699758761,136.8885445888168,128.53053506164275,122.37397607699732,121.61243788747484,123.10646130920269,122.2982127942184
2025-09-03,125.09433148498574,118.4183260148638,153.8129968983527,111.605275554353,110.13175377584504,118.38159500361829,98.9027017862516,137.02450377148085,128.5836378103777,122.37397607699732,121.50415521448336,123.31118093685107,122.44664228528734
2025-09-04,125.09542605738406,118.32702006845813,153.8129968983527,111.5213499711864,110.0137632707125,117.98481845062368,99.21711404889533,137.2606422085527,128.9121936081172,122.37397607699732,123.03139973270804,123.30989853379472,122.60024646792208
2025-09-05,125.09542605738406,118.33156765121473,153.8129968983527,111.47218009375258,110.39800934184407,117.38076330359056,99.1899928917659,137.50219573034968,129.2698678785257,122.37397607699732,123.05393221866689,123.527611527211,122.54022877763892
2025-09-06,125.09741397730646,118.72369740605411,153.8129968983527,111.63046749093486,110.76976298928292,117.2967653700523,99.1908921164254,137.5729334194725,128.70552830981194,122.37397607699732,123.02048951120786,123.60618042859662,122.54189771698768
2025-09-07,125.09631576029916,118.1196088741855,153.8129968983527,111.59692370905373,110.64363432933852,117.28583220887018,99.2058317241527,137.5222215629413,128.6160877275814,122.37397607699732,122.6490482374856,123.61856947369652,122.413895765917
2025-09-08,125.09631576029916,118.13055502799357,153.8129968983527,111.52556090255328,110.69946594160412,117.69325206297884,99.22054220993398,137.60911617470398,128.65620031748307,122.37397607699732,122.21454012896282,123.6691403749322,122.49417150004366
2025-09-09,125.09631576029916,118.0970659737675,153.8129968983527,111.67473884934734,110.8865677168522,118.26363376700913,99.2275836901682,137.8656739081615,128.7824484660237,122.47406482653987,122.18546777301064,124.03401867962356,122.73386075958618
2025-09-10,125.09808198194128,118.1795173366258,153.8129968983527,111.74025192343063,110.9254045335786,118.78709408672783,99.25766792200416,137.98993217718893,129.27690124646992,122.55616968264576,122.32521780557391,124.3725851503583,122.98966768474044
2025-09-11,125.09808198194128,118.25766538140718,153.8129968983527,111.71208886268,110.87883345688608,118.97829361982224,99.23381325138656,137.98298429084466,129.54984873489545,122.5624766118972,122.79859468429952,124.43706047953332,123.13357686124786
2025-09-12,125.09832814040284,118.12839717923048,153.8129968983527,111.59351923929547,110.99648836232453,118.5746475282889,99.26502407470528,138.12773342107042,130.0004195003049,122.5624766118972,122.81944403723016,124.39168854354168,123.08132409523022
2025-09-13,125.09841003187996,118.19548111058064,153.8129968983527,111.60055460233424,110.9891154907917,118.02625501356496,99.243691946218,138.2938957566281,129.4461438955273,122.57641861465726,122.96449128316615,124.42831011217628,122.93007072344795
2025-09-14,125.09841003187996,118.22823966578818,163.2579934907939,111.5917793675058,111.05156037958588,117.99505547849655,99.22807167561606,138.29496749562787,129.42953091054682,122.57590955672704,122.73830889024168,124.39017657699767,123.10892376476482
2025-09-15,125.09841003187996,118.48702966781272,163.2579934907939,111.7549596760651,111.16426757879027,119.00562359278956,99.29718024648017,138.45296809450213,129.47015679864913,122.56919573445448,122.1620018207192,124.68054052912032,123.39207208861252
2025-09-16,125.09841003187996,118.38304136685676,163.2579934907939,111.97038466932509,111.42800809369184,119.57268012121084,99.2991077108863,138.56014789057298,129.71834532136728,122.56919573445448,122.24464054643056,125.13420640319792,123.63583235404089
2025-09-17,125.09841003187996,118.37740740877533,163.2579934907939,111.99205724291905,111.5256380315379,119.67641415769036,99.27157962468247,138.77951306635526,129.9811127393511,122.56919573445448,122.4090822344116,125.32360779055348,123.75912361761227
2025-09-18,125.09878842218106,118.65522959512025,163.2579934907939,111.9349569627004,111.62242359829472,119.71187081016572,99.25731485240404,138.99934572349966,130.28025124408487,122.56919573445448,122.94861586257784,125.27972932536078,123.93014733552911
2025-09-19,125.09878842218106,118.53483714981212,163.2579934907939,111.97874589853606,111.76426330905063,119.57987493735529,99.27996049646814,139.11681113257518,130.48560354326034,122.56919573445448,122.919204468171,125.26774105086342,123.92870367312976
2025-09-20,125.09878842218106,118.53191537301666,163.2579934907939,112.07851074138334,111.80984695219404,119.0484575265057,99.27318476565851,139.22060749353142,129.97487135288512,122.5702135031353,123.1567317104415,125.09840123561769,123.7816285029245
2025-09-21,125.09878842218106,118.54522288600242,163.2579934907939,112.06716896784953,111.84464525846968,118.96525963488916,99.27743115618718,139.21714412405515,130.05290765451048,122.5699886336725,122.85936083067698,125.1066900054015,123.72863706628507
2025-09-22,125.09878842218106,118.70464377046936,163.2579934907939,112.1380549454362,112.02268188673924,119.04978723055648,99.31932170864468,139.32348776639876,130.0514650159199,122.57032148844851,122.37918213110028,125.41040425042542,123.74648338757206
2025-09-23,125.09937304697068,118.72205442289518,163.2579934907939,112.27440244161986,112.20912683421083,119.16686836532136,99.29591880297734,139.57272592677256,130.15943272396103,122.5711004353052,122.19036820091397,125.57692891622337,123.8279962055413
2025-09-24,125.09937304697068,118.67149018410144,163.2579934907939,112.33019699812924,112.31831311784532,118.95529472954568,99.31440016830152,139.73019745951808,130.23547325074432,122.5711004353052,122.28500396399886,125.86873828017993,123.83027837795088
