,Mevsimlik Ürünler Hariç TÜFE,TÜFE B,TÜFE C,TÜFE D,TÜFE E,TÜFE F,Mallar,Enerji,Gıda ve alkolsüz içecekler,Taze meyve ve sebze,İşlenmemiş gıda,Diğer işlenmemiş gıda,İşlenmiş Gıda,Ekmek ve tahıllar,Diğer işlenmiş gıda,Enerji ve gıda dışı mallar,Temel mallar,Giyim ve ayakkabı,Dayanıklı Mallar (altın hariç),Diğer Temel Mallar,"Alkollü içecekler, tütün ve altın",Hizmet,Kira,Lokanta ve oteller,Ulaştırma hizmetleri,Haberleşme hizmetleri,Diğer hizmetler
2025-01-01,101.01076273435412,101.1066269723864,101.3904889261108,100.95574130004418,100.90699357876802,100.2613616312418,100.18879606893384,100.0,100.3198810212992,100.81499104549046,100.5363946131797,100.2524337881765,100.17916289565768,99.9993968693394,100.21927533024338,100.14593887110274,100.02151377200776,100.0,99.99999999999996,100.08986363660216,101.00423872834502,103.10255865476798,100.0,100.0,108.06134499539034,100.0,115.28851314094848
2025-01-02,101.0821519990178,101.16304927664768,101.3904889261108,101.00447057176068,100.97971075947684,100.35413087717342,100.2811451133548,100.0,100.56628967709771,100.90187823530232,100.79147712351713,100.67895023103767,100.4199341753349,100.28472209043444,100.45010498136448,100.14593887110274,100.02151377200776,100.0,99.99999999999996,100.08986363660216,101.00423872834502,103.10255865476798,100.0,100.0,108.06134499539034,100.0,115.28851314094848
2025-01-03,101.08792413815134,101.15487708642908,101.3904889261108,100.9974126381492,101.03693441291632,100.42705944055952,100.35381775635204,100.0,100.76019713316882,101.60677048763968,101.33739417725933,101.06283100824284,100.38506093287388,100.27693504077646,100.40918780969594,100.14593887110274,100.02151377200776,100.0,99.99999999999996,100.08986363660216,101.00423872834502,103.10255865476798,100.0,100.0,108.06134499539034,100.0,115.28851314094848
2025-01-04,101.11609642845836,101.1858048371518,101.3904889261108,101.0241234715382,101.04008375315593,100.4315800921755,100.35781734157864,100.0,100.77086895360424,101.2425996912785,101.1614199654582,101.07867711865909,100.5170391322144,100.28103189721044,100.5697010559924,100.14593887110274,100.02151377200776,100.0,99.99999999999996,100.08986363660216,101.00423872834502,103.10255865476798,100.0,100.0,108.06134499539034,100.0,115.28851314094848
2025-01-05,101.1152732094811,101.18796230429076,101.3904889261108,101.02598677371648,101.03222029028164,100.4215482466866,100.34783093568112,100.0,100.74422290795334,101.02726991108928,101.0796098857447,101.13295767006672,100.5262457062937,100.28103189721044,100.58096195650968,100.14593887110274,100.02151377200776,100.0,99.99999999999996,100.08986363660216,101.00423872834502,103.10255865476798,100.0,100.0,108.06134499539034,100.0,115.28851314094848
2025-01-06,102.030627223535,101.41872623920295,101.69078226763148,101.95573478077092,101.89642047408168,100.77860841767992,101.23957750671067,105.35725882003784,100.89052372196944,101.77123234830458,101.44549025358842,101.1134759733384,100.52983574185258,100.28103189721044,100.585353061489,100.18215550369692,100.06298061880318,100.0,100.0822090183095,100.08986363660216,101.00423872834502,103.72654596930592,100.7816400432916,100.0,108.06134499539034,100.0,117.46958583373252
2025-01-07,102.1416519495356,101.50543898375643,101.78174804136724,102.0614148290766,102.03325022968508,100.94294017857334,101.35045208336152,105.58308172395762,101.0818393332152,102.46259429858544,101.81913208985374,101.16327997382226,100.60265253546191,100.51091407921216,100.62312277058189,100.1919309979673,100.07415058719198,100.00532547349825,100.08531242781092,100.12428345234822,101.00439496616764,103.9173060909514,100.96908228132912,100.18172143253577,108.08657424331189,100.0,117.85287524767806
2025-01-08,102.05620590690988,101.40282891303995,101.64270156829404,101.97279594748726,102.07367472239883,100.99451213843972,101.50556836870771,105.5830859506991,101.49416958254388,104.19222575649206,102.84059405018095,101.4629365861526,100.61909136801596,100.51596145940692,100.6421034565492,100.19316459496666,100.0755624234769,100.006460356782,100.08585522572162,100.12782265537402,101.00439904633728,103.60259943962755,101.16077380166462,100.20441420022892,108.08657424331189,100.0,115.6707954426616
2025-01-09,102.31360213052128,101.6153898610458,101.87074016448476,102.23687204010602,102.34449245432884,101.37618931314408,101.70401791075234,106.17346970739273,101.7192176802831,104.70501800968644,103.16266432253116,101.59061251332923,100.78108209167377,100.3692746896847,100.87297152046352,100.24348383834906,100.1331078183996,100.01009383546264,100.15872109768284,100.21078031202022,101.00487139483688,104.04386049493895,101.14692790448214,100.61787328755636,106.07020210216054,100.0,117.98795356228167
2025-01-10,102.39738141747009,101.73283995898043,102.0040919782891,102.34163663824886,102.4147985581916,101.4634323605762,101.69706571756788,106.1978817056197,101.68341537705228,104.33078959330076,102.97100367181328,101.58503498265718,100.84657640605238,100.3692746896847,100.95308003339268,100.24926551545008,100.13971125552482,100.0141132562104,100.16631735682228,100.2180571140366,101.00498446876492,104.33572655074276,101.3183830266764,101.26539868968192,106.07020210216054,100.0,118.0438095681004
2025-01-11,102.48484047967604,101.83206251937776,102.10384970622012,102.43017314366774,102.48619794895814,101.52254715551456,101.74330376081724,106.21873051134574,101.7192981441729,104.21071261723344,102.91212011197082,101.58852312230798,100.94405040995576,100.3692746896847,101.07230408476303,100.31195078377291,100.21142731426548,100.01231279335288,100.31652794014992,100.20306144873484,101.00537421807488,104.47055379240304,101.48015271537012,101.35686109996271,106.6946606730426,99.99999999999996,118.15476214098216
2025-01-12,102.53362063717024,101.87729350491936,102.15505193980913,102.47344315884396,102.5267709271822,101.5742909918627,101.7652514147143,106.24957933147272,101.74279282691904,104.1730206120851,102.93218917578668,101.66746544828334,100.96977149646176,100.368338900523,101.10397330398013,100.32978584478548,100.23188965123428,100.01029560881013,100.33568059819262,100.25033860342816,101.00508600175318,104.5602000008938,101.64108203609037,101.35651071604106,106.6946606730426,100.0,118.38280453691743
2025-01-13,102.59872655308035,101.9445964996663,102.1998831264198,102.53557999622316,102.54517426288204,101.5895960240589,101.75785499228743,106.2789926512228,101.70436624799876,103.45540231356402,102.6181135758643,101.7647027882563,101.11049678155813,100.368338900523,101.27609959352982,100.33508879793216,100.2377510104501,100.00892214009366,100.34159306566548,100.26383429880984,101.00653700016608,104.653767690584,101.80158445022956,101.357035741997,107.1671515552059,100.0,118.48982574376345
2025-01-14,102.71011527219152,102.07086205618612,102.3499881164164,102.65014493739632,102.61745736308646,101.61324888307014,101.82613623037936,106.31944345585012,101.6355384057691,102.74149931142114,102.368953824671,101.98923494998424,101.15887159622554,100.368338900523,101.33526861458138,100.5212134106758,100.4508347188267,100.03378101646528,100.70601748601558,100.35947467208187,101.0066944077285,104.72511014280572,101.95643253591795,101.357035741997,107.1671515552059,100.0,118.62338653342124
2025-01-15,102.88376635447972,102.27430592575924,102.553235239293,102.82866750555006,102.74000792823703,101.74947107930852,101.84739714016348,106.34010930608208,101.63988894243998,102.15906484473356,102.06598365014736,101.97111017101577,101.36295829760792,100.368338900523,101.58489459069035,100.5560889994644,100.49071144243328,100.054213086632,100.76053623515124,100.38930955204644,101.0070715445846,105.13267179565057,102.10689430676818,101.42594935706316,111.44052454740364,100.0,119.25766998654726
2025-01-16,103.0120735973909,102.37598638025274,102.63607604413004,102.97702929951006,102.84049547897826,101.84889555686956,101.9602666410347,106.78416043473462,101.6350392754245,101.68389659782406,101.80251275215034,101.92341286835722,101.52619366654216,100.91422335418376,101.6627468274793,100.65506259056596,100.60370132431036,100.2452475477488,100.80783794517023,100.55718364733688,101.00935901319782,105.17780751724165,102.24742056261049,101.4566539105795,111.44052454740364,100.0,119.20488967478656
2025-01-17,103.11821042568272,102.48797232055922,102.69938251609751,103.07179317161258,102.89127320306174,101.89668260041756,101.97726702274664,106.76983613697176,101.68758887199668,101.1220107354992,101.5188908257615,101.92341286835722,101.79723036221174,101.38813134368328,101.88851545070082,100.65399919059236,100.60134859713632,100.109593073517,100.81884163531208,100.66933667307552,101.01718955311364,105.323228793792,102.38794681845268,101.72232429477232,111.44052454740364,100.0,119.25029855289164
2025-01-18,103.24710807410834,102.61067861499008,102.81525637878234,103.19560633787084,102.9991942381028,101.9877500929934,102.0493558306864,106.9006604601075,101.77040935258002,101.11637807290036,101.50599375411174,101.9031115109808,101.94226030698738,101.38813134368328,102.06590692836414,100.69853508964054,100.65109370309249,100.03704423553694,100.86409157432418,100.85941997979975,101.0257916929926,105.52180469986266,102.528473074295,101.64625751680134,113.68893869118646,100.0,119.61176859131898
2025-01-19,103.27751173782396,102.65286542782304,102.86457951089538,103.22930554874492,103.02897602267927,102.02247603753185,102.07100298340512,106.88059743097222,101.7818463819787,101.11637807290036,101.50599375411174,101.9031115109808,101.96113057568488,101.38813134368328,102.08898785039946,100.74180358728266,100.70011621199636,100.06855582398418,100.8853513390535,100.98567499903652,101.02936830306146,105.57150379781751,102.66899933013724,101.54582569607362,113.68893869118646,100.00000000000009,119.84988349252744
2025-01-20,103.45886962960346,102.83125580047148,103.0632924993775,103.42215015800952,103.2041564048822,102.2394286250222,102.18565332422318,107.16499818788331,101.86582932581582,101.09305736272644,101.54688387400928,102.00944884472092,102.0731207284954,101.38813134368328,102.22596713920446,100.82578166846848,100.79380149709664,100.17649675922692,100.93767216183144,101.15125705767947,101.04638488054256,105.9015666877872,102.80952558597944,102.21399050685748,113.68893869118646,100.00000000000009,120.13689244987836
2025-01-21,103.53112549147704,102.93552642143308,103.18893559554569,103.51238187233604,103.24653850711016,102.28326836376463,102.18379502417662,107.16630454123644,101.76010382679416,100.51430697916098,101.22549478276903,101.9503765544763,102.10756091700652,101.38813134368328,102.26809220475862,100.9053375716888,100.87924807309764,100.37635662158134,100.9002835018644,101.37307410340728,101.0853061879825,106.0774804153612,102.9500518418216,102.24590547611892,113.68893869118646,100.00000000000009,120.8285152920102
2025-01-22,103.6530211458991,103.0678697932621,103.34790641874196,103.62705663574386,103.35517547624022,102.42302898715346,102.20588820659732,107.16906265596384,101.8122980813166,100.58643278107208,101.28823011270032,102.00354059827,102.15290423731788,101.3894379556936,102.32326173982962,100.90980556486517,100.88059050754995,100.29224522522397,100.89944493016311,101.47045622869594,101.11133467519204,106.43358468684306,103.09057809766394,103.02183031830438,113.68893869118646,100.00000000000009,121.04661619903526
2025-01-23,103.69912443755642,103.11769254169438,103.40103653670214,103.67009607341552,103.39933017546736,102.480261288798,102.22983828167786,107.16913518932776,101.85667846597612,100.69070516289328,101.3408634601188,102.00354059827,102.19192079497536,101.3894379556936,102.37098433137376,100.92527830875424,100.89612960774018,100.2598234595562,100.90481165281184,101.55875086898028,101.1263496850379,106.53372693895376,103.23110435350613,103.02466946039664,114.02182106526072,100.00000000000009,121.26391587513773
2025-01-24,103.95192133135998,103.3862463438794,103.45357924351327,103.9030448064748,103.52555509086636,102.59433067769662,102.37625870340231,107.17655399283106,102.17732473467623,99.0951255369538,100.65573277995163,102.2463896184187,103.1662491065848,102.49564759624458,103.31588505152676,100.97846293487876,100.95138317935064,100.16064643385177,100.9417625887753,101.81782349306664,101.16526246707164,106.5828793800266,103.3716306093482,102.9880751908024,114.02182106526072,100.00000000000009,121.369986676641
2025-01-25,104.06668947653957,103.51305880826106,103.52018454704134,104.01250037108832,103.56914818804596,102.61659320839442,102.40965258803608,107.17606733634652,102.19334586103476,98.1892022130086,100.19861401485156,102.24671717356684,103.4897768338641,102.80679116921246,103.6421761406597,101.03662572892992,101.01714235588226,100.15695968889976,100.942926810831,102.0939937128614,101.17102446702242,106.65054286814838,103.51215686519026,102.7957690092956,115.19215500639253,100.00000000000009,121.54351165031972
2025-01-26,104.15239136948745,103.62318810932403,103.6583443572678,104.10779020779276,103.69598846883818,102.77917435130648,102.5107398742292,107.1773609125858,102.34903314315125,98.870586617104,100.56531293183512,102.29267131361392,103.50832186320478,102.80679116921246,103.664859250435,101.1267181491565,101.11845073963735,100.24515241301164,101.00573334584472,102.29045770407596,101.18374777148875,106.8347898637634,103.65268312103268,103.1875906178282,115.19215500639253,100.00000000000009,121.55587965028316
2025-01-27,104.23621797237604,103.71393609254466,103.7472936799728,104.18688534374633,103.80353911061096,102.90555036968944,102.6344415035035,107.18264448496735,102.5351767808872,99.16972230023256,100.8891932962248,102.64177281973562,103.60494662206403,103.07317749849672,103.7236039380244,101.23923649584329,101.2466606190164,100.43553000007316,101.03657171625396,102.55729609854156,101.18802396793724,106.87463909110852,103.7932093768748,103.1889715330993,115.19215500639253,100.00000000000009,121.53212935373152
2025-01-28,104.3633027325239,103.93986227954692,104.00430045220388,104.38209493767611,103.98844861505889,103.13546148102998,102.83107153999902,107.18328877564258,102.65255249482868,99.19708273396904,100.99579755055088,102.82914673964714,103.72932300323544,103.27201236621153,103.83136588302013,101.56228650483943,101.61466455061355,101.17402286815005,101.13101095987751,103.10521853295602,101.2009762102318,106.99283043199443,103.93373563271692,103.32911907899036,115.19215500639253,100.00000000000009,121.67553131426132
2025-01-29,104.37402380906072,103.90977011408091,103.9473374871403,104.35638567195492,104.03935426959085,103.20057626733872,102.94286415878888,107.1853417105002,102.93701482201712,100.0894339489023,101.6291593579266,103.19853228132862,103.78702598260256,103.27201236621153,103.90194452656404,101.57259516819973,101.62605321235225,101.01451048198612,101.06747196147955,103.45735599281814,101.20383491003382,106.85038545449108,104.07426188855928,103.46239374286888,113.20192320340144,100.00000000000009,120.94420229491104
2025-01-30,104.43130246202556,103.9530877931848,103.96565982307852,104.39380204509956,104.07563966932427,103.24892458775928,102.98784335593828,107.18537798159836,103.02367310000376,100.04195205856696,101.6568466618862,103.3028361673807,103.91201111508482,103.27094575411132,104.05505645509632,101.5990587163917,101.64857478936057,101.01006792957402,101.07916892134038,103.53153864051552,101.2574906672633,106.86345612936152,104.21478814440148,103.16542998228508,113.20192320340144,100.00000000000009,121.37004280895724
2025-01-31,104.4608361347442,104.05078860853816,104.04552114743612,104.43981594379034,104.01357752630504,103.17064332522348,102.8761383045087,106.90399617624732,102.77011553076552,98.41208465501634,100.77314879489738,103.17967538062986,104.0679990197382,103.27094575411132,104.24585101788036,101.65493179833712,101.71038780273636,101.10297725793212,101.10677086917734,103.63215549963186,101.27238936111712,106.96588905904954,104.3553144002435,103.41774404342355,113.20192320340144,100.00000000000009,121.19692721862435
2025-02-01,104.9051477016388,104.27849024997349,104.20348223463634,104.91260944007884,104.4777128540646,103.45687651641803,103.45507208130104,108.92925256945252,103.20312833581237,99.1053715345447,101.17146138845088,103.2773339388628,104.523564444592,103.61213573906971,104.72693782430426,101.88095615918624,101.9648590444883,101.41435446710562,101.26959106947764,104.01883327182249,101.30218358837207,107.00315247425712,104.34465580628353,103.2378759860638,114.73367684322068,100.00000000000009,121.3301797677304
2025-02-02,104.58777301795928,103.91918898534972,103.72891666050944,104.60164332894412,104.20563556812904,103.5455414003747,103.51356139151414,108.92445139575896,103.22289995679036,99.13670461567074,101.19503194029032,103.29299249340193,104.5408670361404,103.64256534031468,104.74131129554812,101.99068717605448,102.08660893114792,101.56335828135182,101.30068674132671,104.30242021315756,101.32900694190567,105.78282197804008,104.33399721232344,103.49203813241532,114.73367684322068,100.00000000000009,113.8666717705405
2025-02-03,104.63252590657376,104.00192373759658,103.82862697387596,104.67216884964571,104.29019386914078,103.65500280146834,103.61608999224376,108.9176410988948,103.3147604203648,99.44699489479125,101.38627284576282,103.36289172167916,104.56813742300018,103.64222913016155,104.77474173299971,102.1371179148768,102.25043947024494,101.87349753333622,101.34636872436894,104.55861532161518,101.35541168757683,105.8023421600234,104.42594507050454,103.49125383520096,114.73367684322068,100.00000000000009,113.81711402276936
2025-02-04,104.8913746410436,104.22674287833216,104.05957896822106,104.95834439681144,104.53468259441291,103.82580003568896,103.90283304787005,109.59246091385114,103.41034439117892,98.9696604637362,101.31384228397992,103.70316147989618,104.77291864975676,104.08596874350482,104.9262025251504,102.44981591477524,102.59417381862104,102.21967375201324,101.56251223352264,105.16856088304598,101.45401708347896,105.89224612023546,104.75908417915174,103.4217235244916,114.73367684322068,100.00000000000009,113.88177210005594
2025-02-05,105.08744723571463,104.42490153971418,104.26237849494696,105.1498348841049,104.7788587606474,104.14130226771384,104.09055186567792,109.7417137965172,103.77521631808202,100.22932038542302,101.95855528774582,103.72108672224807,104.95591418048711,104.10186158838634,105.1464848318778,102.50939372785332,102.6515035642731,102.21229685118458,101.60586278925534,105.324586559877,101.52910234613776,106.27697327936912,105.12726970177782,104.05443808611297,114.73367684322068,100.00000000000009,114.14991629942152
2025-02-06,105.34863405123951,104.63949421839447,104.3549776428002,105.38944156031592,105.02727001628384,104.40283628184,104.39673715662084,110.1397643471413,104.27107792566316,100.4174318101258,102.2739023496536,104.1661193519532,105.56909714557548,105.59607891265394,105.56307651760083,102.63526026845705,102.78978886554344,102.2834806093035,101.7363683749702,105.55106875597392,101.56930272625792,106.31243634257544,105.22282998591474,103.87841711888905,115.83569676071686,100.00000000000009,114.20677753464692
2025-02-07,105.48062666271304,104.81271195282255,104.5398516845452,105.54030574814408,105.10803464799535,104.5095880573178,104.40688392672838,110.14903651131095,104.17486904147133,99.62863865277424,101.82174313785184,104.05707599454178,105.70423014845731,105.61137258381208,105.72495009796008,102.73010539099307,102.89552650105227,102.39591763507244,101.75188793241306,105.8397200289997,101.58900993532151,106.59628007354064,105.21717587661756,104.56717779266069,115.83569676071686,100.00000000000009,114.4467762265478
2025-02-08,105.61851519655352,104.99263383572584,104.7431267332891,105.69518346652546,105.23232655043336,104.6725116923506,104.4947522045799,110.14527927126905,104.19503729873584,99.46896664143216,101.71350987904005,104.00127194483532,105.80785007503684,105.53633637082848,105.86843480243076,102.90140164912036,103.08912064203766,102.58022225681808,101.78465110758496,106.38211362627251,101.6064926155365,106.8116622734404,105.34053900620236,105.07421882208712,115.83569676071686,100.00000000000009,114.4346159436938
2025-02-09,105.6378684464262,105.02598593705986,104.78864623870167,105.72342843315268,105.25685652085824,104.704916991584,104.53795807268072,110.14117458210424,104.18969425689214,99.46888372592764,101.70979701649392,103.9938592403778,105.80144753492704,105.54026147262338,105.8597277842791,102.99847349263472,103.19765513355584,102.6762702751437,101.84075768192764,106.61447160546862,101.62449368300254,106.77837388388132,105.34347222026324,104.8973618148194,115.83569676071686,100.00000000000009,114.59649395690477
2025-02-10,105.7189415014286,105.18887200981246,104.97602624509588,105.86569187168406,105.4106877141761,104.901727853108,104.70273500993989,110.15280995678472,104.33515050549586,99.9583856039238,101.95157074016618,103.98313478776372,105.8843044130226,105.56868613864224,105.95473049766396,103.2282157985498,103.45056375079784,103.34233919005352,101.91911951553462,106.79301268580896,101.69443188307936,106.88380240221731,105.48512413433502,105.06046811329352,115.83569676071686,100.00000000000009,114.6186530766739
2025-02-11,105.8946637905914,105.45495869144784,105.29125163855588,106.09660527502132,105.68577805464716,105.27186366125348,105.0286448745673,110.16092848367268,104.63977141469051,101.0887875587338,102.56251118349373,104.06461145391904,105.98983984995562,105.61825930627666,106.072753182118,103.67401332116935,103.91252647476531,104.0978993630614,102.04626095569306,107.6462388151554,102.02871982997652,107.01551493872532,105.89359707137956,105.04218351723658,115.83569676071686,100.00000000000009,114.68534489946524
2025-02-12,106.04752413449242,105.6829070241108,105.55693180341882,106.28963366079388,105.91342755242944,105.56046107436518,105.19322719106472,110.1327666469389,104.8965617347944,102.085627910979,103.0533637185134,104.03973334289566,106.0945067126803,105.67641397645914,106.1877986314922,103.82787473355698,104.08808022745998,104.39399199566002,102.08016004838198,107.99125912217428,102.03294477251858,107.39390913025504,106.059856718694,105.65190630213722,116.66727954324664,100.00000000000009,115.07024946831582
2025-02-13,106.21488028470672,105.86222557420923,105.77456538466616,106.45726012542814,106.09299249222784,105.79190160237096,105.34112587888026,110.22633300508068,105.03585499076154,102.58592074016964,103.32368954786156,104.07566414264078,106.14863830298007,105.67961692335317,106.2532942816146,104.0002117302094,104.28021145203228,104.40773713758138,102.32906747474333,108.25465881324068,102.06873871538664,107.6434365064642,106.13884313629649,106.24036181777718,116.66727954324664,100.00000000000009,115.16715009710605
2025-02-14,106.21025566380484,105.85643427361508,105.7458647000176,106.45296962411253,106.07418154151988,105.79472401799605,105.33912072617548,110.23154887922976,105.02681786996914,102.3068068107748,103.19448854437212,104.09926264833976,106.21769898748512,105.709406614699,106.33111777395644,104.00144767213392,104.28161791494156,104.40784955962404,102.33016307532785,108.25810499775068,102.0687983822837,107.57708317648064,106.13664753584308,106.3078695871666,116.66727954324664,100.00000000000009,114.65576791617306
2025-02-15,106.3327586174771,105.98048862132156,105.8838706025756,106.56228333399017,106.20134160157622,105.90213032637384,105.50766890944313,110.24749231648124,105.17791175553674,102.56709161509166,103.4573234368632,104.36469673112114,106.29616932588888,105.73251554316047,106.4219412859846,104.23330588937708,104.54708790715242,104.40784955962404,102.3481109596466,109.32916585616836,102.0687983822837,107.55567975102306,106.24943490444194,106.62650702879328,116.49599156132722,96.73102836366384,115.7731837362978
2025-02-16,106.34880174450828,105.9865214090866,105.8838706025756,106.56749356703644,106.21604727783216,105.9207326024276,105.526344759312,110.24749231648124,105.22774325180124,102.54560382477246,103.54421713215284,104.56205880467864,106.32191308182398,105.73669413635352,106.45249702557167,104.23330588937708,104.54708790715242,104.40784955962404,102.3481109596466,109.32916585616836,102.0687983822837,107.55567975102306,106.24943490444194,106.62650702879328,116.49599156132722,96.73102836366384,115.7731837362978
2025-02-17,106.3740042474816,105.98962472589224,105.87454878079708,106.57682324231013,106.24916568971986,105.93569056260006,105.58049048860744,110.29626104414764,105.3385146336435,102.73769689239504,103.75818668848294,104.79832608295018,106.36561313776278,105.74655914699544,106.50374692877013,104.24425020251562,104.55558172466375,104.4118747213333,102.36222845095328,109.33059294334733,102.0966465199906,107.52407730812928,106.48153753747044,106.08977274691976,116.49599156132722,96.73102836366384,116.26616945417923
2025-02-18,106.55181336491052,106.32832033780932,106.28425699753669,106.88015951037715,106.61481636671998,106.33434539736854,106.01407327228068,110.3756238577744,105.7338153418456,103.8884354987568,104.59757551953992,105.32037007822888,106.472288786794,105.78182131350218,106.62635756120712,104.82301402431412,105.20117613564206,106.09678843214722,102.37051795437354,110.2067610817914,102.21440459962228,107.63878118431988,106.8304520317489,105.47621347777928,119.0575188000163,96.73102836366384,116.77122742858369
2025-02-19,106.6168212344502,106.40891134929706,106.32805709338156,106.94711378518588,106.725742870888,106.47936774905234,106.1653523602075,110.35620019994312,106.03089454840868,104.64138726876236,105.04279585916402,105.45193359846816,106.67308700520422,105.87944433186368,106.85017797434222,104.91389270336612,105.30281115939944,106.20846345915002,102.31037322294,110.6385099925271,102.23108467089936,107.61025167721948,106.7953109891732,105.44565453088336,119.03954812574764,96.6992094476013,116.75735089968734
2025-02-20,106.69816120551296,106.68644016073311,106.6905270606055,107.19033359395684,106.94068914890696,106.7310163520264,106.42167657846925,110.38209963427856,106.03089454840868,104.64138726876236,105.04279585916402,105.45193359846816,106.67308700520422,105.87944433186368,106.85017797434222,105.4483390591739,105.89712673056862,107.98205699513156,102.59796459041074,110.61712038999572,102.35254570966369,107.68277055289356,106.91145112288088,104.66821798181164,119.03954812574764,96.6992094476013,118.53614961810636
2025-02-21,106.77433981649337,106.8803420423282,106.88906718663968,107.35644803812217,107.11315946953488,106.90805860107334,106.64552692265605,110.37220265759947,106.22620306871526,105.00760571210998,105.26358600235584,105.52449520998596,106.85183431944722,106.05750057162244,107.02907949280618,105.7705965187112,106.26759935554882,108.98424441594844,102.69434246363524,110.8890895178076,102.34220894249243,107.66628820321992,107.02759125658858,104.25880275756415,119.03954812574764,96.6992094476013,119.06344732437756
2025-02-22,106.87173183477836,106.99351668635944,107.1011420685407,107.4482862612819,107.20221012509244,107.00428430384596,106.60927020089206,110.32889154347968,106.12567763383112,105.24073997114816,105.33144449461176,105.42389553966149,106.64187154896896,105.88220309734018,106.81138161545294,105.78763633487068,106.27684204187469,108.8855822651676,102.78384747588576,110.84469492578556,102.41303433304049,108.1320293850537,107.37676947360468,104.2890640389548,119.03954812574764,96.6992094476013,121.04453905324816
2025-02-23,106.96000505090625,107.0611357126647,107.17500575017398,107.5691501447806,107.32276927819082,107.12575012370732,106.7688289260862,110.78701945108824,106.20087175946838,105.3011630043419,105.4496869697574,105.60107077393003,106.68908737078628,105.9223857967869,106.86016678642262,105.91739461039435,106.4223062652424,109.33102715738116,102.81097263228676,110.91848015506504,102.43445102081012,108.1163478914574,107.37676947360468,103.97210196010052,119.03954812574769,96.6992094476013,121.59510151862013
2025-02-24,107.02086882691928,107.13479524295091,107.26105128759916,107.6335339699003,107.3919797263773,107.18058275480496,106.85339998342306,110.79264902620496,106.26270523892896,105.13573397231605,105.55559126678456,105.98353294117004,106.72227801637392,105.94183976143388,106.89642259246884,106.0455961066982,106.569158514249,109.59491068289002,102.90033515626202,111.0612232930076,102.43399729804052,108.12634724945733,107.49316221261016,103.61981302476102,119.03954812574769,96.6992094476013,122.15781571606792
2025-02-25,107.20558853796754,107.5627712525531,107.7642392459168,108.0073211759558,107.8150344387446,107.6804538239454,107.35748351324304,110.82319305518745,106.68734273965464,106.3580563047592,106.35319655091686,106.3482432221935,106.90451351845458,106.09946264949129,107.08415007704592,106.7662020102056,107.3924381415268,111.76409912380268,103.07805442728672,111.80438762827372,102.44634704506753,108.2292216920916,107.7259476906208,103.421560902545,119.03954812574769,96.6992094476013,122.73398798115944
2025-02-26,107.24384603867686,107.5983554778102,107.7642392459168,108.0380535858436,107.91273591301554,107.79850369603584,107.48156200060322,110.82319305518745,107.01841290367878,107.1889640232768,106.96002266398284,106.7266730237048,107.05636232299436,106.25491526589006,107.23519473816428,106.7662020102056,107.3924381415268,111.76409912380268,103.07805442728672,111.80438762827372,102.44634704506753,108.2292216920916,107.7259476906208,103.421560902545,119.03954812574769,96.6992094476013,122.73398798115944
2025-02-27,107.22489935960272,107.63765415974372,107.84450818280978,108.01426778265464,107.9055341809102,107.78382006546023,107.40215599328693,110.39981697355977,107.00792611871998,107.31077063944451,107.07889943212164,106.8425635293975,106.961798614457,106.2356313266626,107.1238333349573,106.74356913300704,107.38176998829606,111.73934308752176,103.08542846944908,111.77078142938416,102.34118000918048,108.42321850691314,107.8422148085608,103.39232113844297,122.22239801363249,96.6992094476013,122.736015464592
2025-02-28,107.29549656857502,107.7101367407232,107.94285139911216,108.07716735537493,107.9800049862553,107.86496996726518,107.40470378010907,110.40201577443266,107.06463286743912,107.59208080700962,107.2413392076884,106.88384405572216,106.94978656715428,106.04287150189955,107.15215278715075,106.70324383531675,107.34836702548208,111.67559304995208,103.06305284930772,111.74661921017504,102.25310358186066,108.68632632427882,107.95848192650088,103.8925716060384,123.1716748374902,96.6992094476013,122.73656986105068
2025-03-01,107.75898066832276,107.7027125058563,107.89495011985696,108.07126101107993,108.02287689400568,107.91521880905492,108.05315672007237,110.40572406541725,107.30325160634789,108.18177635225726,107.65504218770174,107.1181657220415,107.07461325253138,106.15164470411244,107.28056159706207,107.8859341104957,107.42155023060286,111.7556437013639,103.16448719076692,111.75293052248534,111.0893120520601,108.48699418837964,108.07474904444076,103.6991048905309,120.00958049993665,96.6992094476013,122.73632516098696
2025-03-02,107.7942117993284,107.7395155958419,107.92204425741232,108.10521624290992,108.0736872744524,107.97602917949328,108.10460435176904,110.42164037006692,107.4152744400964,108.55018119068734,107.833991904278,107.10401234588797,107.14313846830235,106.22350624181767,107.34834235628531,107.90081803415636,107.44088977431969,111.7901707014411,103.16859348480124,111.7881132176025,111.07346055267594,108.5237863875317,108.07474904444076,103.80297501322092,120.00958049993665,96.6992094476013,122.7366687406994
2025-03-03,107.783234859638,107.72316700015328,107.88516654263442,108.09511534712644,108.07434950031622,107.9760375883037,108.14121083456232,110.45111370778676,107.4785119511115,108.63383286177014,107.91647952925015,107.1853135109648,107.19386480193188,106.26987301573512,107.40004146857252,107.91859908898329,107.46054357490787,111.82247849379291,103.17094587110076,111.8306787065975,111.0783231735912,108.4162091455322,108.21897982522164,103.37249176931913,120.00958049993665,96.6992094476013,122.73660825157307
2025-03-04,108.0692651793852,108.04361904513526,108.21521098526992,108.3819454480892,108.42020079884068,108.36004433494898,108.36056987572051,110.5249754069916,107.9667229127066,109.99994730284811,108.7110327197092,107.39730000119928,107.48297554133678,106.39396428212572,107.72597414231188,107.97172239029229,107.51116948772518,111.94996393506284,103.12614318735814,112.00011779036328,111.1486737722983,109.09570040251918,108.41516448388997,105.12201095996028,120.00958049993665,96.6992094476013,122.73686332217784
2025-03-05,108.19497788267448,108.18471947506208,108.28778837145197,108.5101636752898,108.72604812963232,108.7427610600536,108.7378296340972,110.57159507688714,108.84035527958532,112.78861811857296,110.36728495817329,107.89932886795408,107.84796177444248,106.69707052775054,108.10476808425346,108.06216380496603,107.60381336282371,112.15321629322442,103.17421259005192,112.06831414808042,111.22392234017585,109.14318220670206,108.4778601173187,105.20106693757938,120.00958049993665,96.6992094476013,122.73748365181432
2025-03-06,108.27514399613936,108.24582378661287,108.29993106968658,108.561828045781,108.86496568499642,108.91164911667796,108.90307809032863,110.56346489299476,109.29036364126031,113.96112256614435,111.16953485424244,108.32419493669376,108.06903869554355,106.79011078943428,108.35441470915588,108.05758612362098,107.5920334838856,112.17449989489933,103.11359504530012,112.12405018610951,111.26902631639744,109.18524299372464,108.845527983876,105.33563602055152,117.83548174398716,96.6992094476013,122.71091290710092
2025-03-07,108.31270982169592,108.34194380139957,108.41119279039094,108.57701066133772,108.8990300888688,108.95244957228134,108.85568960078922,110.06597315079796,109.38859929658516,114.00540326013106,111.34714589034787,108.6377035994557,108.11568611241869,106.8307573676685,108.40240113458768,108.04048563872055,107.5782102916952,112.13490826205204,103.11312807242932,112.10966135611632,111.22931865749784,109.45293859289428,109.2716521737023,105.71930418870004,117.83548174398716,96.6992094476013,122.71120150058717
2025-03-08,108.2962643271689,108.3104571548257,108.33890190945594,108.55035430621184,108.93159367114656,108.98705207014808,108.9498155114511,110.06991286855612,109.6404909287724,114.84826784784616,111.82992226143736,108.7534582315414,108.21751941609458,106.92814676160376,108.50522603852548,108.03862000874798,107.578837442101,112.09856070097771,103.11303090546537,112.15138137058456,111.21025751746792,109.28945485593287,109.18504728695942,105.3332282713974,117.83548174398716,96.6992094476013,122.7104402529623
2025-03-09,108.32950223953124,108.33166206435492,108.36593037589148,108.5743406885978,108.95702122771183,109.01943171175049,108.96431699295331,110.1115176798022,109.656142810795,114.81163411080531,111.86630617957388,108.86426576462516,108.2196969788501,106.93024123116228,108.50742214243972,108.04342470491297,107.58447518980265,112.09373062740784,103.1236758442228,112.15767100077124,111.2093157201983,109.34323501461692,109.18755655798338,105.48249295659258,117.83548174398716,96.6992094476013,122.71168492524612
2025-03-10,108.36199193219198,108.4498607633737,108.51599277911716,108.62204800604404,108.9803303659842,109.00321903170334,108.95206157493644,109.71271789276156,109.60079981639264,114.62065652049132,111.70413095617016,108.7314474996076,108.2337871821172,106.90458892204823,108.53038036688304,108.19064023397766,107.7515088006874,112.1419178570788,103.39156528854444,112.23938695608696,111.2198236482991,109.4720728610603,109.34780479266846,105.70619054824076,117.83548174398716,96.6992094476013,122.71227465429796
2025-03-11,108.50828198527762,108.57901203521412,108.54200704218748,108.73123089137748,109.16863806003396,109.2142040919701,109.1855817713395,109.69541685564096,110.1944461936644,115.39836443301223,112.4939759425273,109.5336632599588,108.69991869861656,107.48018320387484,108.9720867008066,108.21961354780125,107.78326936112828,112.1602107033198,103.40686818709376,112.32023442109376,111.2295701872106,109.49090068122815,109.65117706896406,105.4934799014014,117.83548174398716,96.6992094476013,122.7128338424531
2025-03-12,108.55148771528135,108.4952059061994,108.39744921924394,108.6603555612084,109.16658303957928,109.15520838339066,109.13453740534489,109.70644790072576,110.46924237007288,116.11213943676152,113.0151194413865,109.85846612158696,108.81460698909046,107.6031113462589,109.08493637623452,107.88983070179826,107.4043240331036,111.096874488927,103.34724558737578,112.000869545968,111.2389162758666,109.63947290598644,109.82409679176556,105.53851082723314,119.33199895801984,96.6992094476013,122.7135035656519
2025-03-13,108.56768012929857,108.4411872441522,108.30496853543232,108.61693258983202,109.14164985823228,109.1152507074408,109.0866648642738,109.73014024268146,110.55821709171715,116.1984080641016,113.1307527702154,110.00402957116998,108.8862555502722,107.69044277670444,109.1530855105204,107.71014903333136,107.1908958399224,110.57672681231746,103.27235221056964,111.82378065880664,111.29202234520656,109.69825177493408,109.97758765279542,105.74755220140054,119.33199895801984,96.6992094476013,122.35554991955628
2025-03-14,108.62300208745216,108.41057749585008,108.27144895743652,108.64415290185634,109.11743668198656,109.09095576466213,109.03609626296752,110.1236682112255,110.38186263351956,115.44596123489649,112.71552239254056,109.93250877005704,108.86515310816196,107.6254700789621,109.14177214143658,107.61549335810604,107.07321078733044,110.31244179780302,103.20864630781416,111.74924279909192,111.356226188277,109.76999134705667,110.12061355137928,105.82595167759597,119.33199895801984,96.6992094476013,122.35395654215624
2025-03-15,108.61582535342586,108.3908896538141,108.2518231522664,108.62474416769744,109.0768201712939,109.04051741735034,108.98330564281918,110.10602740453888,110.2902974424284,115.08284484781068,112.5136761906934,109.89503802150963,108.84526257265544,107.5948130497116,109.12428400801276,107.58208683967068,107.03496142832878,110.17710357670528,103.20264582335147,111.7469426630758,111.356226188277,109.773656558279,110.31048974868196,105.67003424831252,119.33199895801984,96.6992094476013,122.35395654215624
2025-03-16,108.67165569333808,108.46360192072576,108.3408610750094,108.68086680467432,109.13868772674766,109.1195153988524,108.98939007158432,110.05706786747608,110.3436127564144,115.2737484000557,112.61921883062683,109.91357611913084,108.86463391411402,107.61026412296071,109.14453010598304,107.5685226977429,107.01768643640776,110.17838783438286,103.19213353155747,111.69555884750918,111.36825995258036,109.99565169534108,110.30176795879729,106.30445595580008,119.33199895801984,96.6992094476013,122.35591496888516
2025-03-17,108.80621190416817,108.64095282568807,108.57451150274056,108.83744846791978,109.25511030385968,109.27187717838464,109.02669071420668,110.08209282443336,110.26521132140488,115.0782496476333,112.4303365567556,109.731437724542,108.85803700845948,107.59700849741336,109.13941900647106,107.70163487384112,107.16117993443576,110.3494832613446,103.31502609221134,111.8529200345534,111.42976047479898,110.34205431562349,110.46422164431304,107.14152352244564,119.33199895801984,96.6992094476013,122.35635116851236
2025-03-18,108.95852424058828,108.83595531211456,108.77391081664506,109.01263275150788,109.48254270553498,109.55837384353843,109.30212186871282,110.13174448022993,110.62074765705432,115.77192990313218,113.0549792897059,110.28571361289032,109.03867371079988,107.7404416782075,109.3283571874331,107.98665735162712,107.48207305903723,110.85913769644654,103.44330535847186,112.37764181071898,111.46734275551222,110.38951086059616,110.7891290153446,107.2975236063813,119.33199895801984,95.70028161407062,122.35832113638185
2025-03-19,109.11372252054484,109.05536629110412,109.01901781275646,109.20680627196924,109.70574564704162,109.85306029369087,109.47819193880623,110.16605867774068,110.8777009346745,116.49016215469184,113.49887507857753,110.44999057237769,109.17412791966623,107.8183899170281,109.47664310042622,108.14447065729142,107.65904285008516,111.38876380384691,103.50957601016422,112.41046744233094,111.49301223497362,110.71983170871562,110.9515827008603,107.3838163943685,118.72717429288492,95.70028161407062,123.96542128460608
2025-03-20,109.18051545866336,109.10666758780972,109.08621321873623,109.25622784655212,109.74734864950103,109.93758014928754,109.55466065271446,110.20357370057836,110.87029318032866,116.40918065890172,113.481038282305,110.49651433097978,109.17349828589664,107.80452108258788,109.47896762090777,108.30013665900783,107.75789461446044,111.54416035034572,103.6075857726857,112.4505844505941,112.04058993420072,110.74743699301496,111.11403638637609,107.56044677230032,115.68152485101314,95.70028161407062,124.39696736645476
2025-03-21,109.21555100293584,109.1335315956185,109.09795584263364,109.27942901766772,109.73906830405038,109.92635065573889,109.53881783797962,110.20357370057836,110.81898088998796,115.64486581921918,113.23342331424662,110.7755483246776,109.2497684933888,107.78708139133502,109.57614796509505,108.30731173401408,107.7661098380944,111.56459798558876,103.60834244660684,112.46143502549012,112.04058993420072,110.7635910594384,111.11403638637609,107.6061269207958,115.68152485101314,95.70028161407062,124.39696736645476
2025-03-22,109.16183861503217,109.07420979553494,109.10782408756472,109.22662910082938,109.68201784241776,109.8710749191351,109.45165313887266,110.19208475167186,110.61080961550132,115.3034323140179,113.1440585728342,110.9431059477382,108.96438159237744,107.5068758294146,109.28960491611946,108.29166527102092,107.75925647883392,111.66002339174452,103.58558665573727,112.37863798613516,111.96428754460344,110.79437170169469,111.2762529040954,107.55120066308352,115.68152485101314,95.70028161407062,124.3967814570626
2025-03-23,109.13196090131088,109.04124361971894,109.06385749133632,109.19366833539674,109.64979410772612,109.8325004147532,109.44271859524036,110.1591582567351,110.60212690070772,115.16850264164096,113.1174380299033,111.02688003368957,108.96735716439905,107.50574906004849,109.29349587189816,108.29030621517826,107.75052864464575,111.7219118004898,103.55808921535586,112.3338895802957,112.01375924114086,110.70633475284984,111.2762529040954,107.30199545640828,115.68152485101314,95.70028161407062,124.39729859890996
2025-03-24,109.16842589286966,109.06428517911284,109.08995081228392,109.21135932097756,109.69852289441148,109.9179125150588,109.53963217104268,110.14295759248137,110.72219183865543,115.44963758097808,113.4021281432382,111.31519377613222,108.98042768267698,107.51821968184947,109.30670024921876,108.40550277866669,107.82161012622556,111.92510954297116,103.58335694550316,112.36011905545814,112.4332671435777,110.67616491391796,111.43846942181476,107.29840313896072,115.68152485101314,94.97117974569515,124.39835313827582
2025-03-25,109.38574500454918,109.27844965299826,109.3622397841733,109.43913277275456,109.92043969151926,110.18990246137642,109.63618502291315,110.45693314695237,110.80676889220597,115.42272964259172,113.5795203942674,111.70082003020867,109.00468159204598,107.52676844513807,109.33445855626348,108.44109803284496,107.88554442697432,112.14847377888636,103.53387262741502,112.49241123404936,112.27337611884,111.20902671228644,111.76290245725356,108.52117649343336,115.68152485101314,94.97117974569515,124.398200179494
2025-03-26,109.42830323494644,109.25773323196417,109.27923280724347,109.4812661787298,110.06231821005662,110.36306417441672,109.86813015030664,110.89717045796412,111.27215733871934,117.00482943484708,114.4796997024668,111.9059484304226,109.18748752458812,107.59384834651968,109.54308723712946,108.42025446655926,107.87592441647232,112.15945646551468,103.51655583632429,112.47696073327344,112.17511106447034,111.03424041903918,111.92511897497302,108.50449617340728,115.68152485101314,92.95830652411932,124.39741108258056
2025-03-27,109.43196549913068,109.21476364031204,109.20860538171723,109.48264432384885,110.05553331120096,110.35090129766118,109.9130417387654,111.17945641187472,111.273765743999,116.78975512483343,114.41085619709864,111.98615141349508,109.23488456017094,107.59332863986675,109.60117626623214,108.42260714836968,107.87931623931271,112.18733366880268,103.53940757820357,112.4131500749973,112.17029562180969,110.8710429318236,112.08733549269245,108.53962526063314,113.32160598628349,92.95830652411932,123.81883527214684
2025-03-28,109.5045816231127,109.27928189702376,109.26725637156277,109.53823438766118,110.12076769035248,110.43164581590256,109.95491496456864,111.17849344082128,111.3790664849737,116.80340105566805,114.5494103785907,112.25201896225532,109.3185729775032,107.74529247757172,109.66962991763232,108.42802015238472,107.88886656609122,112.2010198047087,103.52831144168266,112.46177519621789,112.14716885721572,110.99110026541604,112.24955201041178,108.73711709495764,113.32160598628349,92.95830652411932,123.81872360949676
2025-03-29,109.60073801691318,109.36686147439426,109.37956725186903,109.615066590977,110.22545508001416,110.5374209076112,110.00030807561537,111.18724953663356,111.50782758827106,117.20066305438324,114.86586363085704,112.48610749032628,109.32534780192,107.75105764276177,109.67663003428316,108.4191171605632,107.86019915078664,112.1932657142192,103.50062503615344,112.40866143743602,112.27460332445509,111.27972162994828,112.41176852813122,109.1136985598306,115.31839170226093,92.95830652411932,123.81776284931932
2025-03-30,109.60073801691318,109.36686147439426,109.37956725186903,109.615066590977,110.22545508001416,110.5374209076112,110.00030807561537,111.18724953663356,111.50782758827106,117.20066305438324,114.86586363085704,112.48610749032628,109.32534780192,107.75105764276177,109.67663003428316,108.4191171605632,107.86019915078664,112.1932657142192,103.50062503615344,112.40866143743602,112.27460332445509,111.27972162994828,112.41176852813122,109.1136985598306,115.31839170226093,92.95830652411932,123.81776284931932
2025-03-31,109.60073801691318,109.36686147439426,109.37956725186903,109.615066590977,110.22545508001416,110.5374209076112,110.00030807561537,111.18724953663356,111.50782758827106,117.20066305438324,114.86586363085704,112.48610749032628,109.32534780192,107.75105764276177,109.67663003428316,108.4191171605632,107.86019915078664,112.1932657142192,103.50062503615344,112.40866143743602,112.27460332445509,111.27972162994828,112.41176852813122,109.1136985598306,115.31839170226093,92.95830652411932,123.81776284931932
2025-04-01,109.92445996243592,109.77416138371566,109.87516715093676,109.97686935312063,110.56237933112378,110.97362886923108,110.20219470068314,111.26086388488092,111.63804445258684,117.21059331772338,115.01365185235883,112.77440813407324,109.44414455894956,107.7674601281342,109.81827473209398,108.71945912831264,108.18282486484595,112.75786894913604,103.73673122026608,112.65463618801306,112.4212292299654,111.99164675968538,112.73620156357008,109.58986179606126,123.71402111359566,92.95830652411932,123.81766949883234
2025-04-02,109.97285085361622,109.82710934438374,109.93645667604817,110.02447960114044,110.63680580292412,111.0682799418466,110.2756812854021,111.27466394836505,111.76324041274889,117.62827951377784,115.29194559290298,112.91062540817587,109.4698380698282,107.8193836718792,109.83811535464284,108.77124711649866,108.23786998319926,112.77421645461116,103.75875635502388,112.8206623850129,112.4505491278874,112.06074567399712,112.89841808128946,109.64338965967424,123.71402111359566,92.95830652411932,123.8172847217946
2025-04-03,110.5075156916594,110.44079325876586,110.6181760668211,110.55309000115042,111.06031769606147,111.13559880446856,110.74805817996936,111.2644009751564,111.85254830074724,116.75617519114904,114.91645812951263,113.04131719442697,109.86122921313756,108.53062293746608,110.158136578146,109.70408242359578,109.30607667964576,112.67593249635836,105.91797583243792,112.83845366937086,112.44957570187134,112.2591157398602,113.00467824079284,109.5852405954403,125.60346404681846,92.95830652411932,124.31018590986388
2025-04-04,110.56513080648178,110.50071691596028,110.67717096575008,110.6057591409495,111.04107996327522,111.11121683738612,110.67346066827272,111.27111848960207,111.66779065158644,115.71351258924211,114.35055663683887,112.96135687761247,109.92418740847928,108.53771001174928,110.2335616824726,109.69056669767518,109.28424311974167,112.56102384790596,105.90228470604096,112.90327847861444,112.49343743252942,112.41919644532662,113.39437790292834,109.69710957032308,125.60346404681846,92.95830652411932,124.309235079255
2025-04-05,111.23291435104046,110.5316763115926,110.68063055066162,111.28984756063632,111.6060028016815,111.08162000780892,111.38348601152202,116.09226228940943,111.60667981872191,115.05839570178269,114.00953679730794,112.94048204539938,110.04499712123128,108.58009681747524,110.3718704399136,109.68030542534817,109.27647800933936,112.58217704499312,105.91083594034087,112.83019046854628,112.46595732381678,112.43669387526602,113.45863410008933,109.69056738593908,125.60346404681846,92.95830652411932,124.30872910987472
2025-04-06,111.23748917740696,110.524597998763,110.659517726772,111.2867750231369,111.638857694468,111.12041476979785,111.42754164734654,116.11456316783756,111.75071489848366,115.60670639113172,114.3155258623515,112.99948356726742,110.0837738610842,108.62301859570914,110.40972226873455,109.65205730719268,109.24790880986296,112.52559095550554,105.86418646980336,112.86969601809976,112.43992406467191,112.42490615482274,113.46652135384824,109.65139917767893,125.60346404681846,92.95830652411932,124.30656407978692
2025-04-07,111.29865620024468,110.55208373256428,110.68274008813336,111.35132472145224,111.68651271075385,111.15102546823104,111.47503181503144,116.41388374319848,111.74399410380656,115.3129635228404,114.23474099426628,113.1357572197382,110.12518934042508,108.70689572697088,110.44166298652034,109.6609611696304,109.26497027678356,112.5918949217204,105.85395658282728,112.8915637184677,112.3925557536169,112.45583346308682,113.60541048222277,109.61762993429592,125.60346404681846,92.95830652411932,124.30574486613972
2025-04-08,111.39023770912544,110.62830916300716,110.76213780496698,111.43954930136968,111.77530315724144,111.2207651103987,111.55081570037714,116.57811343705532,111.8205816484576,115.25985447805564,114.32783337651816,113.37786614715404,110.19104993813914,108.86410914952612,110.48713939771308,109.7074434715373,109.33961393888862,112.59711664018144,105.92479573154743,113.04851189402538,112.24477747937333,112.54117670286492,113.92194230769589,109.58309152884102,125.59333520403598,92.95830652411932,124.30611424405603
2025-04-09,111.36969723870796,110.7643688291815,110.89231826480491,111.4465255737498,111.85922173798618,111.32980325209846,111.6396107255987,115.76744858629992,112.17816203231492,115.87991027144864,114.99669704071216,114.0964774809228,110.34631877484568,108.98455179497178,110.65017924292128,109.87440145497436,109.5239064820412,113.04475293924374,106.0467951908334,113.08224608944649,112.29215950717554,112.60368342916584,114.0926178357771,109.60763078374178,125.5933748028655,92.9681898905712,124.30551341394803
2025-04-10,111.36874885735162,110.84068659496948,110.9456729519247,111.411352727673,111.86970864016293,111.357489459707,111.59204945843535,115.02607096496268,112.41075752117244,116.4000727438084,115.3543069473867,114.28840486153084,110.49766396250682,108.99048146421715,110.83397199917844,109.82933220903926,109.4410602381294,112.94133717262952,105.9799126057353,112.98777714727348,112.50768070646596,112.827373925767,114.26144147932172,110.1308046512092,122.86281259194097,92.96797622417807,125.05091009232969
2025-04-11,111.44185574708231,110.93042641838574,111.0441086451394,111.44859409323368,111.89158117515755,111.36209833014848,111.57952028943323,114.73077615540332,112.41051868319988,115.97776421963744,115.25933970893178,114.527081886854,110.5589917118563,109.06651837478908,110.89201759182993,109.89868747762982,109.4926532808292,112.73194263171467,106.12997678746903,113.111182757015,112.69956202532552,112.98439204373658,114.4045891814357,110.44768449866474,122.88932709374606,92.96797622417807,125.04649949304284
2025-04-12,111.66669776295343,111.17273586223676,111.35286281680956,111.71851573518173,112.10049469482928,111.6369783384338,111.78713157635497,115.17559921573388,112.3253947577954,115.14305326587872,115.00444596918328,114.86316977984136,110.58420584817584,109.0839269829528,110.91897342953752,110.26176775020892,109.88680328588664,113.47903494662428,106.29399920429364,113.6125092874348,112.84831940690673,113.18634835216034,114.5686719050672,110.86516058313111,122.88277840613156,92.96797622417807,125.06850385199348
2025-04-13,111.6624160888996,111.19804027984928,111.3769012735462,111.73851064810236,112.13993251816083,111.686631150033,111.87313310890116,115.16196261919455,112.41699867890372,115.54624557688052,115.19169629118556,114.83032013559313,110.61364654829988,109.0847810345018,110.95479286592489,110.37561359271564,110.0129623871034,113.73805623887836,106.3422280251042,113.76068526195776,112.87722685458886,113.0826725377056,114.56333457214186,110.57168733546963,122.89319562630402,92.96797622417807,125.07541130441308
2025-04-14,111.69823835754292,111.26828375228236,111.47259263690312,111.81007392008742,112.14208363504132,111.68911669071626,111.86004880400084,115.241885776648,112.20215898465985,114.6546047955068,114.66614945198512,114.67791640158592,110.60074395501108,109.08469122557077,110.93903126760084,110.49252128040312,110.1450007905213,113.994281130353,106.37917353770716,113.96018476679016,112.88976097740976,113.1329075121512,114.71035015383436,110.57457887845952,122.95105522072625,92.96797622417807,125.07900609779792
2025-04-15,111.78748909484143,111.44389506890502,111.69374761515736,111.96086590382556,112.44818046166992,112.08273558534952,112.2221786196049,115.235466932419,112.80406908588589,117.4681624658088,116.15293355217833,114.81237981900644,110.6275501586846,109.08773092395438,110.97114065568742,110.78377659994818,110.47075676813292,114.71670666442265,106.47424707351456,114.34749360832063,112.94302645319593,113.22324623413496,114.99045621296354,110.5846707042594,122.94934170413646,92.96797622417807,125.0796571156984
2025-04-16,111.72353780745108,111.20991537810416,111.379002526361,111.75491354604148,112.3450255516918,111.9542318642224,112.06773133992117,115.20704554413268,113.0894055795812,118.60964516189406,116.83128446082355,115.0186813070762,110.65745579770925,109.1259947249778,110.99918128031916,110.23942842714814,109.8444628994528,113.23739003337606,106.3072652630573,113.66628686450208,112.96394991439176,113.29813074047073,115.14163576797849,110.669366284572,122.9401266475116,92.96797622417807,125.0716655052516
2025-04-17,111.74824031873472,111.10599346123448,111.21839772207018,111.67997705657508,112.29806217731596,111.91450756477334,112.00282187990643,115.3157087937185,113.20393837928434,118.88701590541817,116.99698348882109,115.070558373294,110.7387342613718,109.23669702888958,111.07389419936004,109.97584309522104,109.493485659057,112.31780648047857,106.2385491580644,113.3290745347468,113.30320487038446,113.37560979332603,115.2872888115909,110.89258649804133,125.74130690463946,92.96797622417807,123.9614898968907
2025-04-18,111.81819890088224,111.10214475998244,111.23865267030364,111.6780100568184,112.25935158513464,111.8679245992642,111.85177082751554,115.32566088346525,113.02859015653948,117.99989039040712,116.67893394523792,115.33254239652943,110.656131543519,109.2815676172056,110.96284748260577,109.79189854499349,109.27984718443642,111.78314932611916,106.1968966770733,113.09659788588476,113.32409271533211,113.68837687941704,115.4329418552033,111.63710057613456,125.83256959350987,92.96797622417807,123.95896314199663
2025-04-19,111.66598494522222,110.92218182035371,111.10180461172205,111.5218459322278,112.09401256287784,111.68350135873024,111.7266075025876,115.32024341408017,112.74153267975043,117.59602639223291,116.44384381471512,115.26947588561929,110.33529906213263,108.68042383583716,110.70456279689832,109.75642375065576,109.24618572487884,111.59655666403484,106.27198395721328,112.99746331237694,113.27610931144297,113.42248144399832,115.57859489881557,110.76081200501037,125.81728168586716,92.96797622417807,123.9571906143535
2025-04-20,111.64253024766276,110.8972323265099,111.08578429353526,111.49921058993344,112.0076757058424,111.5683325309401,111.61282303042708,115.31226639007488,112.483954287209,116.81583407460384,115.87322349064893,114.91246287768448,110.28117521241576,108.68496975564751,110.63734755644138,109.72247877327231,109.21833802266258,111.48418878956215,106.31470279204022,112.91138260669275,113.20010456924042,113.42125270629089,115.57859489881557,110.75350535715116,125.84681385927794,92.96797622417807,123.95602892989646
2025-04-21,111.64581664387592,110.90604364358045,111.09587831675636,111.50253804396289,112.13389469689342,111.7316127215351,111.7655870371234,115.2808579125158,112.90449427191732,118.79997391144562,116.9337113112457,115.0315137014994,110.28579553502604,108.6866880404219,110.64261543079006,109.72239494671574,109.21209573634958,111.48767829057604,106.37024727886164,112.76454622960443,113.24250256643344,113.4517772690637,115.72424794242804,110.7106586577406,125.8596320295136,92.96797622417807,123.95541616438145
2025-04-22,111.872476083848,111.28169926991136,111.51224217146589,111.85008118976997,112.43231393665516,112.13764935895244,112.11092829383908,115.45033074676608,113.02200188976882,118.43999314916714,116.85867168381446,115.2469017692739,110.52844489210176,108.74320642417288,110.9267974770217,110.30556450627856,109.83888797877472,113.05880348227728,106.53362745427914,113.35717837137123,113.5247574171021,113.60497486280906,116.01555402965292,110.89013609364122,125.8465389492966,92.97015041922675,123.95523217746982
2025-04-23,111.9057706899144,111.2518485328756,111.46466421860826,111.86367414549224,112.49853312035864,112.20778399720754,112.14746565566873,115.73910510805712,113.22269757314749,119.32917222308944,117.32497573594046,115.28218831314784,110.55651440693268,108.74594159897627,110.9605200180553,110.13006321969816,109.6667417809322,112.66023842179516,106.40501514745368,113.33560125331095,113.3261123098159,113.71318463243246,116.16120707326525,111.16502427884528,124.88905397465405,92.97015041922675,124.04902508749969
2025-04-24,112.06058741755632,111.37216603140624,111.54427393885295,111.96680399792898,112.61989020548016,112.32079501959689,112.20820406139144,115.73336482744958,113.47862175696103,119.40274127500945,117.58490326910808,115.73206267241974,110.80983670412796,108.6304418970303,111.2961401143248,110.0574264543727,109.57512711956174,112.4001997365736,106.38492565039375,113.27351966990048,113.3843874391537,114.00693124164304,116.16120707326525,111.9899238042803,124.92814327570554,92.97015041922675,124.04885901359444
2025-04-25,112.12473659867992,111.47092032775755,111.65012301831558,112.0518092817775,112.72203569900724,112.44685110680952,112.27432681141796,115.73128100018644,113.61599166477048,120.0852805524647,117.8173552428264,115.50576088166042,110.8854101677483,108.59442541390712,111.39661341319685,110.08910459074376,109.62453171124837,112.4140714911024,106.42762042939592,113.37508515720404,113.29378627514708,114.18337100975428,116.45251316049006,112.243450876,124.86037163915609,92.97015041922675,124.04969089736606
2025-04-26,112.15548720438242,111.49978316232728,111.67983780073148,112.0858194488122,112.77522360371852,112.51864256798336,112.3396626281857,115.79789544399216,113.71018048534036,120.0822308300504,118.01633970087836,115.9106697016584,110.91148942737192,108.59641376805584,111.42806824288652,110.13112528268309,109.6650501220269,112.50090952338,106.43313294509916,113.4397915402696,113.3461698899628,114.1995745425146,116.59816620410244,112.16839446423047,124.81514003032412,92.97015041922675,124.04983771943364
2025-04-27,112.1940461059561,111.56062243984414,111.7618068426642,112.13459848648004,112.7904565370332,112.53810447439312,112.31568053800726,115.7702824085544,113.61075241093458,119.67373344024638,117.77654221949172,115.8428204565605,110.90329128304212,108.59641376805584,111.41804079001108,110.16820169680126,109.70867425026776,112.55094630225145,106.43586754435034,113.5627046175378,113.33807935514876,114.32949855702893,116.59816620410244,112.54019223620324,124.78572040514892,92.97015041922675,124.04981601568518
2025-04-28,112.2699287239031,111.65225452279212,111.86210033863723,112.22831805972346,112.81500378073828,112.56904577942944,112.31908514530446,115.87722458045738,113.4516582094033,118.71936007180608,117.27521475350514,115.80326232178192,110.96662387277163,108.59533690011696,111.49574550672337,110.26702757259235,109.82227555391316,112.69752170117115,106.50283935444,113.73926503746918,113.33498248616957,114.41314902292028,116.74381924771492,112.64959692135253,124.77713833988574,92.97015041922675,124.05156748339762
2025-04-29,112.33623266306344,111.7066984306162,111.93682228903154,112.2787319886388,112.84242094316564,112.60659311915327,112.33329900327492,115.90211178293418,113.38643200191191,117.91872217459348,117.12780163363004,116.32165186544692,110.95481319528211,108.59927401541589,111.48042091550369,110.34083428682524,109.8987843962278,112.73899492674616,106.55243059366582,113.90997898704072,113.39014958376792,114.4856362479026,117.03512533493964,112.60193626996542,124.75833849191898,92.97015041922675,124.05224672602505
2025-04-30,112.54308924617486,111.95590857317364,112.16099193023707,112.49536502830438,113.06542120514726,112.85468650614054,112.48919081166098,115.912394662334,113.69397253788236,118.73266816411484,117.39920797372685,116.04007191936012,111.28583833686449,109.2764529566188,111.73420636987566,110.42355116164714,110.00020104632924,112.85944364341836,106.55829971347748,114.19234078352764,113.343873075666,114.86332341610024,117.18077837855216,113.53325355796972,124.83407226012064,92.97015041922675,124.04789024733977
2025-05-01,112.6483969245578,112.10730680190034,112.2978228115997,112.63641452181436,113.05059022458906,112.8297517080806,112.44384209000692,115.98789310983454,113.3419266959074,116.62289457106031,116.19931354953032,115.76757644747298,111.4848325579258,109.37719640737238,111.95512396365474,110.58246474959124,110.19187760919304,113.05155928960508,106.70866689236428,114.4705832357113,113.2767835749972,114.93156311027845,117.3264314221646,114.3428901657607,122.64404940112844,92.97015041922675,123.20495021636782
2025-05-02,112.7189197612602,112.18430186571264,112.37372605974372,112.7030641112185,113.03668346749956,112.81208615593845,112.40900361055576,115.98901230787084,113.14403626999945,114.91366707912618,115.57298639820418,116.24500095428826,111.56539491843752,109.55317882036644,112.01439458906088,110.66538800744928,110.28081555449852,113.1606798823294,106.74133818379336,114.65647324462137,113.3182167684309,114.9911648862114,117.3264314221646,114.4910869302792,122.78203515816124,92.97015041922675,123.20444831402288
2025-05-03,112.95995200158572,112.32302860085213,112.55392351355108,112.94638525616249,113.28658199065671,112.7811686421446,112.81092721805388,116.89485624674282,113.26412876513898,115.59789735725144,115.87288868560478,116.15317499013588,111.56862409465464,109.45490992270814,112.04027173126065,111.127690465677,110.8198973910508,113.0489960777624,107.8014641214089,114.7941413219818,113.25088549572747,114.72253382334068,117.01553253038956,114.01685177606382,122.69483707818549,92.97015041922675,123.2042154994616
2025-05-04,113.21505099561098,112.60640572450778,112.92127783117635,113.18876206590308,113.52754638336312,112.8627491228436,113.09913572770265,116.877528521817,113.3602714729416,115.97244276521803,116.10311533964088,116.23630402310904,111.57762196582728,109.52045339251184,112.03665219261096,111.66736123802282,111.423204891199,112.98203529161856,108.90577257923135,115.05913430941352,113.351582180164,114.79480002343,117.15216705484048,114.10167393466656,122.6948893398253,92.97015041922675,123.2039466892582
2025-05-05,113.2590441813264,112.6491007667034,112.9830944019273,113.2303081753964,113.57877927752584,112.94092670629163,113.16297341786002,116.9117970520847,113.397472623731,115.93659941575942,116.22799090436033,116.524993155307,111.55784110875383,109.21612535206955,112.08036431312168,111.76192329560982,111.52678123830869,113.09208741556706,109.01556493708934,115.1426842371601,113.38396254397117,114.80439092100848,117.12757636363176,114.15063233882805,122.69489489978702,92.97015041922675,123.20333421201552
2025-05-06,113.40065976977618,112.76012337372492,113.05689563004302,113.36589187669377,113.76070268652737,113.14771609004076,113.39710326970236,117.20295584417325,113.74890488459144,116.29378883475592,116.7622066316736,117.23964384418808,111.79047737822113,109.28032496331365,112.35058501705184,111.8844676895155,111.63604528348942,113.24813221129116,109.05880372357976,115.34099825650448,113.59811644028169,114.83384158848176,117.05488822883105,114.29779955028744,122.69491045804784,92.97015041922675,123.20286215901864
2025-05-07,113.29183449164589,112.66021365263067,112.95462347800802,113.21035025508772,113.61931615505084,112.97682229277378,113.14934996150332,116.6950301685102,113.67972509319722,116.85642137703267,116.72843255104576,116.59797929176678,111.69828644367986,108.34081848147989,112.4474614505796,111.57929711074988,111.2717627535889,112.3224258129702,108.9274848963064,115.0866606459816,113.7007074754469,115.05924524209831,117.05375077111944,114.93492431693186,122.70483666569626,92.97015041922675,123.20242185478426
2025-05-08,113.4382115729325,112.73781459483614,113.01763627116378,113.28746714423256,113.64736510625556,113.00673537428912,113.08079065690788,116.76908096467048,113.61975279187968,115.90190622059288,116.38344812616393,116.87426215291008,111.82355134370728,108.3560565821849,112.59727738998237,111.4577048662601,111.1256860447012,111.73098988223953,108.95296169528856,115.05571427363888,113.74801212113611,115.38374985704196,116.95789447429463,115.18780002281812,122.99566644921262,92.97015041922675,124.62679002828818
2025-05-09,113.39412770163612,112.76082735813036,113.0305724915938,113.30593743909282,113.53057175423616,112.84566701448908,112.94062528133917,116.75877831761336,113.20257758679745,114.48865272350356,115.23832839697364,116.00243912501745,111.87948726349168,108.41267130600758,112.65306184353516,111.49531709616352,111.18293355480014,111.89186289777736,108.97804045313524,115.06984886177074,113.65017773848834,115.341269426956,116.86879151795728,115.14405380784306,123.00878758432164,92.97015041922675,124.6261712664262
2025-05-10,113.31209900908792,112.67118218451108,112.92833003904774,113.23099983008444,113.38508838011305,112.66724317979109,112.84391768734986,116.7770014885747,112.9046213411484,113.70125139485368,114.55652892655544,115.42827488358122,111.83100126430892,108.3297933302886,112.61224996352456,111.52109434199888,111.20870170098564,112.04121572518922,108.95971162103324,115.05627756657172,113.67601775484388,115.07893417040329,116.77857053317392,114.49909545464553,122.88734080335976,92.97015041922675,124.62670876017596
2025-05-11,113.33760190752216,112.71151845415336,112.96338708883582,113.26590598041558,113.38692410175943,112.67078708385736,112.84292142754984,116.7775121313053,112.84121081539908,113.51050570995008,114.306950503268,115.11873089364926,111.8885863646016,108.3297933302886,112.68268442482228,111.56914817435326,111.2609633062036,112.09367035130316,108.9530016121754,115.23258135917266,113.69504584500952,115.0924748336754,116.78614720092826,114.53113058030036,122.88395455086808,92.97015041922675,124.62696133848576
2025-05-12,113.44898633405674,112.85516836683844,113.13390198953424,113.39447983434412,113.54528752819674,112.87083972100982,112.9706586380388,116.8105910865346,113.02666669115888,113.7693499844886,114.69178574147506,115.63198305984608,111.9444601206824,108.3297933302886,112.75102567785868,111.68175090887566,111.3938542784452,112.26817670948944,109.0080634251308,115.48491970987033,113.66769778451754,115.31004302733614,116.7018553251474,115.22058501825032,122.87790382758578,92.97015041922675,124.62797350297662
2025-05-13,113.55101622501472,112.95284410709672,113.229870207941,113.47709865835353,113.6986514342048,113.07401660836696,113.11291340260485,116.79783626447868,113.36151870297194,114.3045462255655,115.38298102755114,116.4821811628293,112.04771485860732,108.28575558747733,112.88714680394104,111.72137632224576,111.4461871627822,112.47813021455812,109.0101699484738,115.4744053087951,113.61966547773208,115.46058253166922,116.5242320067622,115.80714810399832,122.84226278542624,92.97015041922675,124.62797350297662
2025-05-14,113.64016201039782,113.00457210272042,113.26214614465358,113.5711489993874,113.90102358448291,113.31454722045858,113.34540203779632,117.15996516323992,113.83549651331644,116.66681525485822,116.4088573213177,116.14593239074075,112.1629986975617,108.56494837758528,112.965856506971,111.72017992615832,111.44768665526892,112.32756274767226,109.06471016100458,115.52687945005708,113.59987250591185,115.5313481505042,116.45163987545456,116.06378214631188,122.88904951634314,92.97015041922675,124.6281047662062
2025-05-15,113.87595911445275,113.18089578322449,113.447082776231,113.80449993527348,114.13969972921926,113.60193344466904,113.50416276202009,117.75453862178608,114.03527290745356,116.39418492653768,116.68801775618662,116.98750835636436,112.31118122490906,108.57916639877033,113.1439314594907,111.70514718151496,111.43566759792708,112.40623527368012,109.02684101762564,115.47227515810076,113.56405097026568,115.96260179658329,116.3520717970834,116.5902065533019,125.81403629095628,92.97015041922675,125.3223154645616
2025-05-16,113.9260912898019,113.32471797492605,113.61370077638765,113.92945785909193,114.17447672347772,113.63760575948878,113.4727797891263,117.76000634066236,113.82093617282494,115.46651346749094,116.0372045662111,116.6188843597046,112.38052251783353,108.99571420382672,113.13579816619404,111.8070326862419,111.5441177189458,112.81346087417958,109.03825876629269,115.46544436547649,113.62065293278847,116.2019657956381,116.266819029657,117.34379565006616,125.7974909532096,92.97015041922675,125.32313931485471
2025-05-17,113.84019287854906,113.20790357532528,113.4713050572002,113.82882755027856,114.0553966290742,113.4971443870729,113.38965799709683,117.7618894363964,113.69863614406572,114.7936700944542,115.77786209079714,116.7810047689896,112.347290136325,108.89936895003856,113.11664859561851,111.72745824286729,111.45451818651463,112.6491548407428,109.0008971278478,115.3457272494527,113.61023280448916,115.99354203141056,116.18050244898332,116.88921031400726,125.3903535745635,92.97015041922675,125.3262880522556
2025-05-18,113.80486299939098,113.1500284254878,113.39061554440649,113.7972539374007,114.01675227853036,113.4483484001224,113.4006860415854,117.89691524105574,113.67234034588266,114.85016330116883,115.68546326729788,116.53684698940728,112.36395650851163,108.95252209381728,113.12517342254948,111.7279248985553,111.45576782308991,112.6215354686368,108.990388052626,115.4026444423182,113.60529836032968,115.81037765864146,116.18050244898332,116.38247115618567,125.31036235726287,92.97015041922675,125.3277586161172
2025-05-19,113.81842403230992,113.2068655431617,113.45022779980648,113.85036350840494,114.06588866502096,113.51490301441726,113.49519618385564,117.92641375446424,113.70875011488116,114.8362172286714,115.70439397376312,116.58928751938416,112.41172639996844,108.94220695888512,113.18590422697262,111.88961865383416,111.63490628514946,113.07322269893125,109.03511251278084,115.57332756804252,113.64665635177624,115.72050787297609,116.0941858683096,116.26778669177936,124.87951321163678,92.97015041922675,125.32865026315832
2025-05-20,114.06347386313904,113.44594572578644,113.57575702490558,114.05042879339678,114.36619696811798,113.78191919146728,113.78011336875804,117.87935054537247,114.49700613790148,116.09407421009682,116.76678833636544,117.45245561753676,113.021812392288,111.71822188393443,113.3126915426136,111.8826227399413,111.6222556579086,113.14099912287033,109.03827376325262,115.44129720878382,113.67866735605824,116.01884778904537,116.00786928763588,116.42054204816694,130.0154427630362,92.97015041922675,125.32866671390894
2025-05-21,114.08513391293256,113.49718932833744,113.5963150954962,114.09614321986297,114.4087304803913,113.84106135407526,113.82808813905756,117.89004201798576,114.59605864591862,116.31355101100276,116.78513931295012,117.26580807877784,113.17331504046015,111.60738349861558,113.52273215683292,111.90213976020212,111.63892504694564,113.201748541243,109.00879472739012,115.50802763568282,113.71782769178058,116.0442691283026,115.8352361262884,116.34266713253706,132.89950887045558,92.97015041922675,125.06720763193572
2025-05-22,114.2669259194999,113.61079706870214,113.73203361235642,114.1943017912358,114.69653149615304,114.20118767280124,114.08522865445988,117.89034233265546,115.3024157340612,118.14619584686278,118.5146752833361,118.89024981567955,113.2146800915911,111.84610316005492,113.52006011119812,111.8859726330706,111.61840479390342,113.16098016541024,108.98981357911214,115.50593219973224,113.73168897029166,116.37538320628089,115.74891954561475,116.717286470303,137.17860698707298,92.97015041922675,125.06456730709412
2025-05-23,114.1679868080873,113.49559764745786,113.6213751585842,114.0950072162504,114.43408085893836,113.90008229662725,113.8434570497026,117.89179236916624,114.63162020301284,115.07292181248536,117.0118493771102,118.98811111996751,113.08464393668592,111.16882548728908,113.5121337344158,111.90589521987316,111.63729111662052,113.13723690333792,108.98175856717192,115.62719996496712,113.75875983604296,116.10271327284924,115.66260296494106,116.96478237111552,130.84313071510363,92.97015041922675,125.06967064862911
2025-05-24,114.13633980210086,113.43987127191932,113.55838244389588,114.04466390506892,114.37566151173608,113.84424909049557,113.80906309824452,117.875546509698,114.5650372515117,114.36100801283966,116.89203289139527,119.47179282104348,113.05265892008008,110.75821014015894,113.56463511758406,111.89116833216296,111.61447543813448,113.127635628102,108.95945476249108,115.58916502288416,113.79983043628916,115.98947429382014,115.57628638426732,116.3686802866705,133.19558618784066,92.97015041922675,125.070491017558
2025-05-25,114.1064166449768,113.4162218990976,113.53369334297892,114.0241966274758,114.33662240846728,113.79385587982044,113.75577305631433,117.87523528657594,114.48176800343649,114.7813937488812,116.71180361134871,118.6793836431315,113.03240665787928,110.66521348893674,113.56061481314448,111.84450341172118,111.57135444064184,113.161351691552,108.92451260821508,115.44658818339404,113.72871909319254,115.9878365186153,115.57628638426732,116.36984025478613,133.17159110682886,92.97015041922675,125.06602723620068
2025-05-26,114.11862549631944,113.42079913885748,113.51940193849778,114.03678801576368,114.40809023011543,113.88128217627144,113.88626547272048,117.93858996215286,114.7263752332004,115.23169257778972,117.2308727716774,119.26854731215094,113.09863354628182,110.7718859338781,113.61781680527392,111.90618059388184,111.63943532670048,113.16469248361294,108.967645510015,115.6365112147181,113.74622272691768,115.87052855850824,115.48996980359355,116.42691810663892,131.07054630078164,92.97015041922675,125.06672160108847
2025-05-27,114.23345594561292,113.51091105642426,113.53252335228667,114.11223274989288,114.58238807767658,114.09260969571756,114.10308475928072,117.92112969908028,115.298144371145,116.54583998046591,118.15669008771836,119.7985572201074,113.44029705632649,111.09193898896308,113.96430240533576,111.91720060529056,111.64722670227796,113.19613123434252,108.98307124939144,115.6029124142133,113.77951427110555,115.8903158325553,115.3173366422461,116.51810262548692,131.83944425433245,92.97015041922675,125.0691521982476
2025-05-28,114.23670646577185,113.53611606730388,113.621358236493,114.13316241393106,114.65065132462576,114.21199231650644,114.10841385150862,117.91497842504889,115.35605481876392,116.90227478868246,118.58480147536297,120.29972532444783,113.25760375275055,110.30759844280436,113.91585880486578,111.88451624827616,111.6022426270992,113.20898717668216,108.91353825402918,115.5477562340744,113.8316749045424,116.14650758134545,115.52748946800628,116.79069415804288,134.14684192477742,92.97015041922675,124.91460951320236
2025-05-29,114.4594093363406,113.7488779700695,113.87315113464692,114.3172497515174,114.81046584380756,114.40588972354348,114.10511717627396,117.91743508970696,115.39797880799718,116.86813098543604,118.56008467375486,120.2846170420168,113.34283942092743,110.40952174944076,113.99737084505908,111.84346319551209,111.5580015827122,113.01724660315516,108.9054634627938,115.58515544176112,113.81261301573704,116.76852688584432,115.5187127453936,116.9441626579382,142.199241047769,92.97015041922675,125.74553059116673
2025-05-30,114.43287062943224,113.73139774048926,113.84886602080896,114.30242970011138,114.6385684705826,114.18483472941098,113.86938033199786,117.91946516135928,114.86275146307584,114.78323261741532,117.19402495899888,119.65123726623996,113.34759283559728,110.35776522852797,114.0147337118091,111.7683771244173,111.4728569728333,112.86971766102148,108.8623743036725,115.4781608870913,113.80691200011184,116.82035396481042,115.23570836856685,117.09308668127458,143.8481475839689,92.97015041922675,125.74430405161384
2025-05-31,114.58790711595788,113.9057304443578,114.05705660925447,114.452703057799,114.73716875987148,114.27671029574302,113.82642093815886,117.91734160527577,114.7854602263891,114.28094064933646,116.89978666638022,119.56905873633472,113.41130144473564,111.01505022592694,113.94599352328883,111.73943288173832,111.4450304315692,112.72794159120666,108.91552067198482,115.40166836909644,113.77025771362484,117.3237126445169,116.1816806513114,117.6437497645702,144.1430274258909,92.97015041922675,125.74489732324874
2025-06-01,114.83635898783638,114.05745714710544,114.19107291654709,114.70304057222717,114.96782965717236,114.42393164266872,114.08635021800951,118.79230055586166,114.94442642911336,114.34129497164824,116.98085833647748,119.6712466681164,113.6208934420522,111.26157132247369,114.1473452757298,111.8801767656892,111.60736933144597,112.78643451946546,109.08516687689868,115.6597373054404,113.76203648345384,117.42230810925072,116.4035000000004,117.7883903143172,143.4681400754737,92.97015041922675,125.8269465060404
2025-06-02,114.94449941007296,114.24835765552687,114.40198708756785,114.87909273554963,115.27479915987676,114.81442432690848,114.42028334440792,118.87430020625764,115.53347055680476,116.14561535993612,118.2831119115918,120.4617661004314,113.74640317562304,111.2630008609954,114.30054187989138,112.09327443557032,111.8493640302308,113.4426862644328,109.10949256544434,115.91704610915876,113.77579884266852,117.5943523047456,116.6837000000004,117.88740896605648,144.41737174375743,92.97015041922675,125.82784091822184
2025-06-03,114.69047192195735,113.95909108474132,114.53823884795774,114.6281316191846,115.04317569660545,114.53833721335526,114.03979796518682,118.8659738227891,114.48217789983144,117.1137723181381,118.19850074029648,119.30411567981918,112.06683769025354,108.95159442529462,112.76196342809996,112.1246013541548,111.88202269207966,113.07222288223474,109.37606632523324,115.88824577657827,113.7979392300623,117.86015981899874,116.84760000000044,118.0450539142901,147.43772576359706,92.97015041922675,125.82727632587616
2025-06-04,114.9305957390343,114.23556916280452,114.9079622328935,114.89143077260408,115.27214893579804,114.74431046111238,114.07027001243492,119.04579492042838,114.4524970458956,117.7489091010313,118.16651514957272,118.59216223014216,112.03865474801042,109.02924843637598,112.71016435574636,112.15441562469796,111.9155194077248,112.90506091058414,109.64629328123402,115.63769538258674,113.80235153485825,118.65037549755608,117.18265909245032,119.61885218338264,149.89615331150654,92.97015041922675,125.82817979293053
2025-06-05,115.02871724375083,114.36868311317542,115.08306801051177,114.94419883687192,115.32037444291132,114.78317286512336,113.9827014112338,118.58963539438676,114.45541358653227,117.00095396624272,118.1802063863957,119.3821653897333,112.034568517881,109.41616043504618,112.61883199131071,112.11448237748832,111.8735155269076,112.8733214152765,109.59311097348484,115.60825964487998,113.77670177661255,119.0970032767916,117.29395837410502,121.21535169844844,143.72314904792395,92.97015041922675,126.81822249625176
2025-06-06,115.05906034647305,114.38850125398406,115.08306801051177,114.96131482639105,115.31590117108678,114.77593062955852,113.97702046521243,118.58963539438676,114.44025550577956,116.6378570898334,118.01160322885954,119.41180094046447,112.11913860387438,109.46706693214416,112.71091366631316,112.11448237748832,111.8735155269076,112.8733214152765,109.59311097348484,115.60825964487998,113.77670177661255,119.0970032767916,117.29395837410502,121.21535169844844,143.72314904792395,92.97015041922675,126.81822249625176
2025-06-07,115.0607772016874,114.3926794031744,115.08306801051177,114.96492329594642,115.31444781558662,114.77407650523048,113.97517473920468,118.58963539438676,114.43533068097612,116.60048349495696,117.9716679283485,119.36925460850772,112.13696804810596,109.46706693214416,112.73272151753348,112.11448237748832,111.8735155269076,112.8733214152765,109.59311097348484,115.60825964487998,113.77670177661255,119.0970032767916,117.29395837410502,121.21535169844844,143.72314904792395,92.97015041922675,126.81822249625176
2025-06-08,115.06556448913985,114.3945774667106,115.08306801051177,114.96656256351976,115.30009447677078,114.75443226427714,113.95694634928402,118.58963539438676,114.38669311156876,116.28253566973945,117.8357326318588,119.41883650399993,112.1450676674409,109.48532687870284,112.7385539929064,112.11448237748832,111.8735155269076,112.8733214152765,109.59311097348484,115.60825964487998,113.77670177661255,119.0970032767916,117.29395837410502,121.21535169844844,143.72314904792395,92.97015041922675,126.81822249625176
2025-06-09,114.86543671308311,114.17211247646182,114.77347036983709,114.77768789089257,115.14534500586456,114.57329804641132,114.0169419672156,118.61352879532356,114.46564250044402,116.69644782909614,117.94041609703982,119.20833705608877,112.2072917738458,109.5241285999156,112.8060044978311,112.17113439900888,111.95275231089346,112.85850574696364,109.6644967697684,115.80468376104132,113.67756128889842,118.30112095379393,117.89517707572756,119.55863926651884,136.19323422600974,92.97015041922675,126.82500477032148
2025-06-10,114.9753056550775,114.25663239233124,114.77603212227012,114.84838194917148,115.36702416230608,114.86113561818104,114.30592595680884,118.59664698968736,115.2186422501766,118.07451119313536,119.30994216269934,120.56916143712482,112.55959415011368,109.51468629674322,113.23902546196548,112.19095289637524,111.97296265800432,112.82421455915411,109.70936634849676,115.83126127208202,113.69467675783837,118.28161099469104,118.4020931891617,119.38954580743012,133.9848464247075,92.97015041922675,126.82413498035116
2025-06-11,114.91412937817236,114.18341622047268,114.621383987978,114.781648474629,115.36121677429158,114.85595844949188,114.42527183717112,118.57097627123352,115.5156906917146,119.0923088453078,119.76731836672796,120.4553252410359,112.75244117856708,109.92687548111016,113.38292916079664,112.21625284756335,111.99612185712196,112.91853935835732,109.75662411167843,115.72749203120732,113.73474388389604,117.90459319053912,118.75087019465316,119.53452441654775,134.2392318506201,92.97015041922675,123.68475990191266
2025-06-12,115.01261818647282,114.28957830780668,114.63636167259726,114.88057353031996,115.582003595262,115.1312847039913,114.6579541462418,118.62406045997156,116.21251149549474,120.645585464917,120.9145452955634,121.18868396550108,113.15653068014674,110.14717781534166,113.8280283619226,112.13875113843488,111.92008450232912,112.8557524117213,109.6977904392654,115.60102850302704,113.64714087586242,118.033396238141,118.77212768283682,119.61021621644986,136.04682867380146,92.97015041922675,123.6850828608094
2025-06-13,115.12554715270942,114.38236278464043,114.77283977670103,115.00039162143044,115.67295296670125,115.25175625467504,114.6804068510568,118.91511509894364,116.1315953150425,120.61288761102496,120.7860235334216,120.96249319943156,113.1065546737836,110.16193861902045,113.76360718418157,112.15619902412683,111.92265013595842,112.89979529656937,109.70842807091704,115.54220207882597,113.76724839304175,118.33734815380512,119.31109146593128,119.9260243906699,136.5276101785027,92.97015041922675,123.68500169573286
2025-06-14,115.2703698243244,114.4094170850002,114.78360599309671,115.0926329984896,115.74737290081544,115.356443056973,114.79787134459792,119.4202650077652,116.1561929385024,119.3096322429796,120.72495798949085,122.16753592666733,113.18682714078128,110.20583635250256,113.85199619660553,112.22173036565512,111.97720150978408,113.00084318551691,109.7421108336986,115.5909659399889,113.90852092168,118.29335571196256,119.54785323179036,119.31802681513176,138.3762284571593,92.97015041922675,123.68575784600972
2025-06-15,115.3260519520082,114.46524051815148,114.83731414959792,115.14373780409812,115.78789026741012,115.4105151340152,114.82323759887008,119.44148104294187,116.17846998746673,119.43520030046544,120.68498556406963,121.95883552541454,113.24956183160366,110.20583635250256,113.9287293121214,112.25089354684036,112.00604316180474,112.98257352886112,109.73141483291836,115.75352443620812,113.93990205115736,118.3781624530151,119.8439205183084,119.53558192312224,136.7872115801682,92.97015041922675,123.68600264022868
2025-06-16,115.38952987543357,114.535445600076,114.87529169175502,115.20818336625145,115.83709745231928,115.46885337445538,114.90451052594504,119.4694446063184,116.2585890464426,118.80757848866082,120.61834473196288,122.4639773987963,113.42506417166196,110.47713984459082,114.0828548797008,112.35035892169684,112.11013739827084,112.98781598075776,109.77304583857352,116.09500566311132,114.00743696111864,118.33345303730734,119.97367843123811,119.86389788141246,132.97647542113717,92.97015041922675,123.68665231494204
2025-06-17,115.64480891465192,114.73595874169042,115.03498749720367,115.44726361696983,116.25097057338344,115.97571573571923,115.30581413567393,119.95281696523855,117.14742497084502,121.72692062741469,122.36106062242132,123.0074110248872,113.75894007114096,111.06279162296916,114.36055028902022,112.33810915927504,112.09997334215572,113.16481195177904,109.75610816101216,115.89883244582664,113.98079973637404,118.70557923364058,120.58624157321997,119.80917375035996,136.8036694150221,92.97015041922675,123.68546914299417
2025-06-18,115.68957246329548,114.84850046675405,115.09177838856152,115.54831776745306,116.21467912824352,115.8537976937046,115.26014758424849,119.98110642379724,116.90043565689002,120.03137536776808,121.28061502333358,122.55390887092096,114.05363687134351,112.94112716507146,114.30187884304836,112.4282654601842,112.19806640517882,113.36497872892132,109.82692045737195,115.9451745480869,114.01620726200414,118.71071674208343,120.88069945568232,119.87007455856008,134.76142896717909,92.97015041922675,123.68655009016202
2025-06-19,116.11364399039871,115.1204940087555,115.45177398666556,115.9124842040696,116.50431207144725,116.22124045027,115.36726669118956,120.92911518792484,116.78190578880066,118.37713581965448,121.00361562276088,123.6806684678325,114.0381007016574,113.01383117543588,114.26665303276326,112.44196565648708,112.21505224468658,113.35067208911832,109.85431129499658,115.97372404528298,114.00724268155246,119.4996877109725,121.44144563767956,120.17306341881115,140.4386055439899,93.11223807758611,124.78927328795292
